ID,Title,Date,Condition,Sector
53408701,[신입/경력] React/Spring Boot 기반 개발자 채용 (면접비 지급),상시채용 입사지원,서울 영등포구 경력무관 대졸↑ 정규직·계약직,"React-Native, React, 프론트엔드, 백엔드/서버개발, Java 외 등록일 26/03/23"
53539539,Java / Spring / React-Native 개발자 채용 공고(신입/경력),~ 06/05(금) 입사지원,"서울 영등포구 경력무관 대졸↑ 정규직 4,000 만원","React-Native, React, 웹개발, Java, 앱개발 외 수정일 26/04/17"
53603128,React 기반 백엔드 개발자 구인,~ 05/13(수) 입사지원,서울 종로구 경력무관 대졸↑ 계약직 240 만원,"ReactJS, React-Native, React, 웹개발, 백엔드/서버개발 외 등록일 26/04/13"
53649863,[ppb studios] 프론트엔드(React Native),~ 05/01(금) 입사지원,서울 성동구 경력무관 학력무관 정규직,"React-Native, React, 프론트엔드, Javascript, TypeScript 외 수정일 26/04/16"
53648425,리액트 / 리액트 네이티브 (React / React Native) 개발자 채용,~ 04/22(수) 입사지원,서울 강남구 경력무관 고졸↑ 정규직·계약직,"ReactJS, React-Native, React, Javascript, TypeScript 외 등록일 26/04/16"
53649388,React 프론트엔드 개발자 채용,~ 05/16(토) 입사지원,경남 김해시 경력1년↑ 학력무관 기간제·무기계약직,"React, 프론트엔드, 웹표준·웹접근성, 소프트웨어개발 수정일 26/04/17"
53609967,신입 풀스택 개발자(Java / Spring / javascript / React) 채용,~ 05/13(수) 입사지원,"서울 송파구 신입 초대졸↑ 정규직 3,000 만원","React-Native, React, 프론트엔드, Javascript, 웹개발 외 등록일 26/04/13"
53641931,React기반 자료관리 시스템 프론트엔드 개발자 채용,~ 05/15(금) 입사지원,서울 성동구 경력 2~4년 학력무관 정규직,"프론트엔드, 소프트웨어개발 수정일 26/04/16"
53570454,"[강소&가족친화인증기업] 웹 개발(react, java) 경력자",~ 05/08(금) 입사지원,서울 영등포구 경력3년↑ 초대졸↑ 정규직,"React, 프론트엔드, 웹개발, Java, SpringBoot 외 등록일 26/04/08"
53648612,(주)투게더스에서 React 앱 개발자 채용해요,~ 06/15(월) 입사지원,인천 부평구 경력1년↑ 학력무관 정규직,"React, Javascript, 앱개발, 솔루션, 정보통신 외 수정일 26/04/17"
53148734,React·Next.js 프론트엔드(FE) 개발자 채용,~ 04/24(금) 입사지원,서울 강남구 경력무관 초대졸↑ 정규직,"React, 프론트엔드, Javascript, TypeScript, CSS 외 등록일 26/02/23"
53608434,프론트엔드 개발자 (Next.js/React 외),~ 05/12(화) 입사지원,서울 강남구 경력 1~5년 대졸↑ 정규직,"ReactJS, React, 프론트엔드, Javascript, TypeScript 외 수정일 26/04/13"
53387368,프론트엔드 개발자 (React),오늘마감 입사지원,서울 강남구 신입 고졸↑ 정규직,"React, 프론트엔드, 소프트웨어개발 수정일 26/03/19"
53631672,[대전] LG엔솔 React/JAVA 개발자 모집,채용시 입사지원,대전 유성구 경력 10~19년 초대졸↑ 계약직·위촉직,"React, Java, SpringBoot, JSP, MSSQL 외 수정일 26/04/15"
53641735,프론트엔드 개발자 (React / Next.js / Python),오늘마감 입사지원,서울 송파구 경력2년↑ 대졸↑ 정규직,"ReactJS, React, 프론트엔드, Javascript, Java 외 등록일 26/04/16"
53623182,[정규직] 2026년 정규직 채용 공고 ( react / 과장급 이상),채용시 입사지원,서울 금천구 경력 6~15년 대졸↑ 정규직,"ReactJS, React, 프론트엔드, 웹개발, 백엔드/서버개발 외 수정일 26/04/14"
53439243,[(주)더그리트] 프론트 개발자(React) 채용 (경력),~ 04/24(금) 입사지원,서울 송파구 경력 3~10년 대졸↑ 정규직·계약직,"React, 프론트엔드, Javascript, 웹개발, 퍼블리셔 외 등록일 26/03/25"
53630605,Java & React 경력직 개발자 모집,~ 05/15(금) 입사지원,경남 창원시 진해구 신입·경력 초대졸↑ 정규직,"React, Java, 네트웍구축 등록일 26/04/15"
53513309,스마트팩토리 - 웹(react)& 앱(플러터) 개발자 모집(서울),~ 06/01(월) 입사지원,서울 금천구 신입·경력 초대졸↑ 정규직·계약직,"ReactJS, React, 프론트엔드, Javascript, Java 외 등록일 26/04/02"
53601949,Full-Stack Developer (React / TypeScript / Python) 채용,~ 05/11(월) 입사지원,"서울 강남구 경력무관 대졸↑ 정규직 5,000 만원","React, Python, AI(인공지능), 기술기획, 앱기획 외 등록일 26/04/12"
53658094,Java / JSP/ Node.js / React 웹 개발 (신입/경력) 정규직 채용,~ 05/08(금) 입사지원,서울 구로구 신입·경력 대졸↑ 정규직,"React, Java, HTML, JSP, Spring 외 등록일 26/04/17"
53538395,"(주) 벨로크 연구소 1팀 풀스택 개발자 모집(Java, React)",~ 05/06(수) 입사지원,서울 금천구 경력 3~5년 학력무관 정규직,"Javascript, 웹개발, 백엔드/서버개발, Java, Node.js 외 등록일 26/04/06"
53566624,"[케이디에스] 풀스택 웹개발자 채용 ( Node.js, React.js )",~ 05/08(금) 입사지원,부산 남구 신입 초대졸↑ 정규직,"프론트엔드, 웹개발, 백엔드/서버개발, 소프트웨어개발 수정일 26/04/15"
53621464,"한국oooo공사/공기업/Java, React/챗봇시스템 구축",~ 04/20(월) 입사지원,경기 성남시 분당구 경력무관 학력무관 정규직·계약직,"웹개발, 백엔드/서버개발, SI·시스템통합, 솔루션업체, 소프트웨어개발 외 등록일 26/04/14"
53467800,"풀스택 개발자 채용(React, React Native, Go, Spring Boot)",~ 05/27(수) 입사지원,서울 강서구 경력1년↑ 고졸↑ 정규직,"웹개발, 백엔드/서버개발, Java, Node.js, Git 외 수정일 26/03/30"
53610525,웹사이트 및 모바일 앱(React Native) 유지보수 개발자,~ 05/13(수) 입사지원,경기 성남시 분당구 경력무관 학력무관 정규직·계약직,"웹개발, 백엔드/서버개발, 앱개발, 어학원, 영어학원 등록일 26/04/13"
53612338,FrontEnd(프론트엔드) 개발자 채용 - react / next.js 기반,~ 05/13(수) 입사지원,서울 강남구 경력 3~6년 초대졸↑ 정규직,"프론트엔드, DataMining, 솔루션업체, 소프트웨어개발 등록일 26/04/13"
53634483,[O2O 홈서비스 플랫폼 miso]Front-end Developer (React Native),채용시 입사지원,서울 종로구 경력3년↑ 학력무관 정규직,"프론트엔드, 전자상거래, B2B, B2C, 오픈마켓 외 수정일 26/04/16"
53420713,"엔피로지스(주) 웹프로그래머(JAVA, JS, React) 신입, 경력 채용",~ 04/23(목) 입사지원,경기 용인시 처인구 경력무관 초대졸↑ 정규직,"프론트엔드, 웹개발, 백엔드/서버개발, 앱개발, 유지보수 외 등록일 26/03/24"
53636042,"제약 MES 솔루션 개발자 채용 React, C#",~ 05/15(금) 입사지원,충남 천안시 서북구 신입·경력 초대졸↑ 정규직,"웹개발, AI(인공지능), C#, 풀스택, 시스템관리 외 등록일 26/04/15"
53480912,"풀스택 개발자 (Spring, React, TS) 채용",~ 04/30(목) 입사지원,서울 송파구 경력무관 대졸↑ 계약직 250 만원,"웹개발, 시각디자인 수정일 26/03/31"
53395509,프론트엔드(React/React Native)_6년↑,내일마감 홈페이지 지원,서울 강남구 경력6년↑ 대졸↑ 정규직,"React, 프론트엔드, Javascript, 웹개발, TypeScript 외 수정일 26/03/20"
53411341,[키미디에스] 이천 하이닉스 React 프론트엔드 개발자 채용,채용시 입사지원,경기 이천시 경력무관 학력무관 프리랜서,"React, 프론트엔드, Javascript, SI·시스템통합, 솔루션업체 외 수정일 26/03/31"
53427266,[키미디에스] React 프론트 개발자 채용(분당 두산타워),채용시 입사지원,경기 성남시 분당구 경력무관 학력무관 프리랜서,"React, 프론트엔드, Javascript, SI·시스템통합, 솔루션업체 외 수정일 26/03/31"
53553101,"[부산]웹 시스템 개발자 (Java,React·Next.js등) 경력자",채용시 입사지원,부산 동구 경력 7~20년 초대졸↑ 정규직,"React, Javascript, 웹개발, Java, Git 외 수정일 26/04/07"
53565427,React App & Web 개발자 (경기도 이천 근무),~ 05/08(금) 입사지원,경기 이천시 경력무관 학력무관 정규직·계약직,"React-Native, React, 프론트엔드, 웹개발, SI개발 외 수정일 26/04/08"
53591881,[중견] 플랫폼 서비스 Tech Lead (MSA/Spring Boot/React),채용시 입사지원,서울 종로구 경력 7~15년 대졸↑ 정규직,"React, 웹개발, 백엔드/서버개발, Java, Node.js 외 등록일 26/04/10"
53414932,[위펀] 프론트엔드 개발 (Frontend/React),채용시 홈페이지 지원,서울 강남구 경력5년↑ 학력무관 정규직,"ReactJS, React, 프론트엔드, Javascript, 웹개발 외 등록일 26/03/23"
53608444,풀스택 개발자 (Next.js/React 외),~ 05/12(화) 입사지원,서울 강남구 경력 1~5년 대졸↑ 정규직,"ReactJS, React, 프론트엔드, Javascript, TypeScript 외 수정일 26/04/13"
53415662,웹(React) 개발자_산업기능요원 가능,~ 04/22(수) 입사지원,서울 강남구 경력 2~10년 고졸↑ 정규직,"React, 프론트엔드, TypeScript, Git, HTML 외 수정일 26/03/24"
53513265,[강남] 백엔드·프론트엔드 개발자(상시채용),~ 05/02(토) 입사지원,서울 강남구 경력무관 대졸↑ 정규직,"웹개발, 백엔드/서버개발, 앱개발, SI개발, 검색엔진 외 등록일 26/04/02"
53623120,[SK그룹-인크로스] Front-end개발 경력직 채용,~ 06/13(토) 입사지원,서울 관악구 경력 4~6년 대졸↑ 정규직,"프론트엔드, Javascript, 웹개발, TypeScript, CSS 외 등록일 26/04/14"
53351662,[인공지능솔루션] 엔지니어 직군 채용,~ 05/15(금) 입사지원,서울 강남구 경력 1~20년 대졸↑ 정규직·전문연구요원,"백엔드/서버개발, Python, 데이터엔지니어, 유지보수, SI개발 외 수정일 26/04/03"
53501175,"[비즈톡(주)] 웹,서버 개발 부문 채용",~ 05/31(일) 입사지원,서울 강남구 경력무관 초대졸↑ 정규직,"백엔드/서버개발, Java, SpringBoot, SE(시스템엔지니어), 소프트웨어개발 등록일 26/04/01"
53582613,[퍼플페퍼] 기술본부 채용 공고,상시채용 입사지원,서울 마포구 경력무관 학력무관 정규직,"프론트엔드, 웹개발, 백엔드/서버개발, 데이터분석가, 퍼블리셔 외 수정일 26/04/09"
53611162,[선릉역/4천이상] FrontEnd 개발자 채용(경력자 우대),~ 04/28(화) 입사지원,서울 강남구 경력무관 학력무관 파견직,"프론트엔드, 웹개발, 백엔드/서버개발, 앱개발, 헬스케어 외 수정일 26/04/14"
53608803,UI/UX 디자이너(디자인 & 퍼블리싱) 채용,~ 05/13(수) 입사지원,서울 구로구 경력무관 학력무관 정규직,"퍼블리셔, 반응형웹, 웹표준·웹접근성, HTML5, jQuery 외 수정일 26/04/13"
53444569,(주)나눔기술 AI시스템 개발 신입사원,~ 04/25(토) 입사지원,"서울 강남구 신입 대졸↑ 정규직 4,000 만원","백엔드/서버개발, Java, 딥러닝, 머신러닝, 솔루션 외 등록일 26/03/26"
53592411,[스카이웨어]신입 개발자 모집(Java / 웹서비스 / AI 활용개발),채용시 입사지원,서울 마포구 신입 대졸↑ 정규직,"프론트엔드, 웹개발, 백엔드/서버개발, Java, 앱개발 외 수정일 26/04/10"
53631482,[경력/정규직] 웹디자이너/퍼블리셔,~ 05/15(금) 입사지원,서울 성동구 경력1년↑ 초대졸↑ 정규직,"Javascript, CSS, 퍼블리셔, 웹표준·웹접근성, HTML 외 수정일 26/04/17"
53355281,"보안솔루션 에이전트/웹 개발, QA, 엔지니어 채용",~ 05/15(금) 입사지원,서울 구로구 경력무관 학력무관 정규직,"프론트엔드, Javascript, 웹개발, 백엔드/서버개발, Java 외 등록일 26/03/16"
53292017,IT개발-제품 연구개발 ( 웹개발/유통·결제 솔루션 /플렛폼 ),~ 04/30(목) 입사지원,서울 금천구 경력무관 대졸↑ 정규직,"프론트엔드, 웹개발, 백엔드/서버개발, 앱개발, 유지보수 외 수정일 26/03/10"
53582944,(주)스카이즈코리아 개발팀 채용공고 (서울),~ 05/09(토) 입사지원,서울 영등포구 경력무관 대졸↑ 기간제·계약직,"ReactJS, Javascript, 웹개발, 백엔드/서버개발, Node.js 외 등록일 26/04/09"
53644499,"[리드넘버]JAVA 백엔드 개발자 채용 (신입 기준 연 3,800)",~ 05/16(토) 입사지원,"서울 구로구 신입·경력 대졸↑ 정규직 3,800 만원","ReactJS, 웹개발, 백엔드/서버개발, Java, Git 외 수정일 26/04/17"
53277896,2026년 상반기 아이타이쿤 개발자 채용(정규직-신입),~ 05/08(금) 입사지원,서울 영등포구 신입 대졸↑ 정규직,"프론트엔드, 웹개발, 백엔드/서버개발, Java, Vue.js 외 등록일 26/03/09"
53623863,풀스택 개발자(Junior)를 찾습니다,~ 05/14(목) 입사지원,서울 서초구 경력무관 대졸↑ 정규직,"프론트엔드, 백엔드/서버개발, 솔루션, 소프트웨어개발 수정일 26/04/14"
53649656,"엘바(ELBA) FE, BE 개발자 채용",채용시 입사지원,"서울 마포구 경력2년↑ 학력무관 정규직 3,000 만원","웹개발, 백엔드/서버개발, 앱개발, 인터넷방송, 미디어 등록일 26/04/16"
53638295,(주)아이피아 신규 플랫폼 서비스 프론트엔드 개발자 채용 공고,~ 05/15(금) 입사지원,서울 강남구 신입 초대졸↑ 정규직,"프론트엔드, 소프트웨어개발 수정일 26/04/17"
53622345,[서울] 앱 개발자 신입/경력 모집(정규직),~ 05/14(목) 입사지원,서울 중구 경력무관 학력무관 정규직,"React-Native, 프론트엔드, Javascript, 웹개발, CSS 외 등록일 26/04/14"
53633636,"[서울 - 신입, 경력 3년이상] 프론트엔드 / 풀스택 개발자 채용",~ 05/15(금) 입사지원,서울 서초구 신입·경력 대졸↑ 정규직·기간제,"ReactJS, React-Native, 프론트엔드, Javascript, 웹개발 외 등록일 26/04/15"
53647127,[서울지사] 농업회사법인 (주)더자인 AI 기반 풀스택 개발자,채용시 입사지원,서울 강남구 신입·경력 학력무관 정규직,"프론트엔드, 웹개발, 백엔드/서버개발, 전자상거래, 쇼핑몰 외 수정일 26/04/16"
53603240,(주)에이비와 함께할 Web/APP 신입 개발자를 찾고 있어요,~ 05/15(금) 입사지원,서울 강서구 신입 대졸↑ 정규직,"웹개발, 앱개발, 소프트웨어개발 수정일 26/04/13"
53607670,프론트엔드 개발자 채용,~ 04/19(일) 입사지원,서울 강남구 경력무관 학력무관 정규직·계약직,"프론트엔드, Javascript, 웹개발, Git, 기술지원 외 등록일 26/04/13"
53647926,프론트엔드 개발자 채용,~ 04/23(목) 입사지원,서울 강남구 경력무관 학력무관 정규직·계약직,"프론트엔드, 웹개발, Git, 기술지원, 유지보수 외 등록일 26/04/16"
53648468,[프론트엔드 개발자] 경력직 채용,~ 04/23(목) 홈페이지 지원,서울 용산구 경력3년↑ 초대졸↑ 정규직,"프론트엔드, Javascript, 퍼블리셔, Bootstrap, HTML5 외 등록일 26/04/16"
53555795,"은행IT, 금융IT 개발자 경력",~ 04/25(토) 입사지원,서울 강서구 경력 1~3년 대졸↑ 정규직,"React-Native, 백엔드/서버개발, Java, 앱개발, API 외 수정일 26/04/07"
53607336,[인턴] 개발 및 기획 직군 채용,~ 05/13(수) 입사지원,경기 광명시 신입 대졸↑ 정규직,"React-Native, 프론트엔드, 웹개발, 백엔드/서버개발, Node.js 외 등록일 26/04/13"
53547718,[Smartdoctor] 회계파트 채용,~ 05/06(수) 입사지원,"서울 강남구 경력무관 대졸↑ 정규직 3,500 만원","경리, 더존, 법인결산, 부가세신고, 자금관리 외 등록일 26/04/06"
53637426,재무총괄(CFO) 채용 (경력),~ 05/03(일) 입사지원,서울 강남구 경력3년↑ 대졸↑ 정규직·계약직,"CFO, 종합포털, 컨텐츠제공, 인터넷교육 수정일 26/04/15"
53478564,[창신] 2026년 3월 경력직 수시채용 (Digital SCP),~ 04/29(수) 홈페이지 지원,부산 사하구 신입·경력 대졸↑ 정규직,"React, Javascript, Java, Python, SAP 외 등록일 26/03/30"
53565383,[넥센타이어] WMS 시스템 유지보수 및 개발 담당자,~ 04/26(일) 홈페이지 지원,서울 강서구 경력무관 대졸↑ 정규직,"React, Node.js, 유지보수, ERP, SAP 외 수정일 26/04/08"
53613783,[대기업 금융그룹 헬스케어] 프론트엔드 개발자 모집,~ 04/28(화) 입사지원,서울 강남구 경력 3~5년 고졸↑ 파견직,"React, 프론트엔드, Javascript, 웹개발, 백엔드/서버개발 외 등록일 26/04/13"
53543517,사내 시스템 개발(e-HR) 담당자 모집,~ 05/08(금) 홈페이지 지원,서울 구로구 경력3년↑ 대졸↑ 정규직,"React, Java, 기술지원, 데이터분석가, 웹마스터 외 수정일 26/04/09"
53635251,DX팀 개발자 인력채용,~ 04/22(수) 입사지원,경기 과천시 경력5년↑ 학력무관 계약직,"React, 백엔드/서버개발, Java, SpringBoot, 유지보수 외 수정일 26/04/16"
53571924,풀스택 S/W개발 경력사원 채용,~ 05/08(금) 입사지원,서울 강남구 경력5년↑ 대졸↑ 정규직,"React, 프론트엔드, 웹개발, 백엔드/서버개발, Python 외 수정일 26/04/14"
53448075,"[서비스개발센터] 경력 개발자(프론트엔드, 백엔드) 채용",채용시 입사지원,서울 서대문구 경력 4~10년 학력무관 정규직,"React, 프론트엔드, Javascript, 웹개발, 백엔드/서버개발 외 수정일 26/03/26"
53566444,[NE능률] 프론트엔드 개발자 채용 (Front-end Engineer),~ 05/08(금) 입사지원,서울 마포구 경력3년↑ 대졸↑ 정규직,"React, 프론트엔드, TypeScript, Git, 교재제작·출판 수정일 26/04/08"
53525477,[빅스데이터] 프론트엔드 개발자 채용,~ 05/03(일) 입사지원,서울 강남구 경력 1~5년 대졸↑ 정규직,"React, 프론트엔드, Javascript, TypeScript, CSS 외 수정일 26/04/03"
53625724,웹 개발 및 기술지원 담당 (Java) 모집,~ 06/13(토) 입사지원,서울 구로구 경력2년↑ 대졸↑ 정규직,"React, Java, SpringBoot, Linux, Spring 외 등록일 26/04/14"
53396711,B2B 프로젝트 개발팀 신입,~ 04/20(월) 입사지원,서울 마포구 신입 대졸↑ 정규직,"React, Javascript, 웹개발, Java, 앱개발 외 수정일 26/03/22"
53488120,[신입] Flutter 앱 & Node.js 개발자,~ 04/29(수) 입사지원,서울 서초구 신입 학력무관 정규직,"웹개발, Node.js, 앱개발, AWS, Flutter 외 수정일 26/03/31"
53511431,[주식회사 아크] 각 포지션 경력직 채용 (CS/UIUX/영업(부산)),~ 05/02(토) 입사지원,인천 연수구 경력무관 초대졸↑ 정규직,"프론트엔드, 크리에이터, 광고PD, UI/UX디자인, 경영기획 외 수정일 26/04/06"
53618136,산업별/지역별 SI/SM 프로젝트 안내,~ 05/14(목) 입사지원,서울 강남구 경력 3~20년 학력무관 정규직·계약직,"웹개발, Java, .NET, Android, iOS 외 수정일 26/04/16"
53621200,주식회사 청림인베스트 개발팀 채용 [풀스택],~ 05/14(목) 입사지원,인천 연수구 경력3년↑ 학력무관 정규직,"웹개발, 백엔드/서버개발, Java, Git, SpringBoot 외 수정일 26/04/14"
53624850,[에브리심] 프론트엔드 & 프로덕트 디자이너 채용,~ 04/30(목) 입사지원,대전 유성구 경력 2~7년 학력무관 정규직,"프론트엔드, 프로덕트디자이너, 소프트웨어개발 수정일 26/04/15"
53649667,[NC자회사][빅파이어게임즈][단기계약직] 프론트엔드 개발자,~ 05/16(토) 홈페이지 지원,경기 성남시 분당구 신입 학력무관 계약직,"웹개발, Node.js, TypeScript, 게임개발, ASP.NET 외 수정일 26/04/16"
53247431,어벤투스모빌리티(주) 소프트웨어 개발자 모집 (상반기),~ 05/04(월) 입사지원,서울 송파구 경력 9~15년 대졸↑ 정규직,"프론트엔드, 웹개발, 백엔드/서버개발, Java, Git 외 수정일 26/04/10"
53303551,[AI 클라우드 SW] 백엔드/프론트엔드/앱 개발자 채용,~ 05/10(일) 입사지원,서울 강남구 경력 학력무관 정규직,"Node.js, Git, Python, 딥러닝, 머신러닝 외 수정일 26/04/11"
53529506,[서울 가산]앱 개발자 경력직 채용,~ 05/03(일) 입사지원,서울 금천구 경력 3~10년 학력무관 정규직,"React-Native, 프론트엔드, Javascript, Java, Python 외 등록일 26/04/03"
53534472,완성도 있는 프로젝트 경험을 함께 구축할 퍼블리셔 모집,~ 05/04(월) 입사지원,서울 강서구 경력2년↑ 초대졸↑ 정규직,"Javascript, CSS, 퍼블리셔, 반응형웹, 스크립트 외 등록일 26/04/04"
53440061,재미스튜디오 AI Agent 관련 웹 서비스 개발자 모집,채용시 입사지원,대전 유성구 경력무관 학력무관 정규직,"프론트엔드, 웹개발, 백엔드/서버개발, 유지보수, 정보보안 외 수정일 26/04/13"
53572264,앱 프론트엔드 엔지니어 채용 (경력),~ 05/08(금) 입사지원,서울 강남구 경력2년↑ 학력무관 정규직·계약직,"프론트엔드, 앱개발, 종합포털, 컨텐츠제공, 인터넷교육 수정일 26/04/15"
53568866,빠르게 성장중인 스타트업 '마유비' 개발팀 채용 (부산),~ 05/08(금) 입사지원,부산 남구 경력5년↑ 학력무관 정규직,"웹개발, 백엔드/서버개발, 앱개발, 풀스택, 컨텐츠제공 등록일 26/04/08"
53607019,(주)재미스튜디오 AI 엔지니어 채용 공고,채용시 입사지원,대전 유성구 경력무관 학력무관 정규직,"웹개발, 딥러닝, AI(인공지능), 개발PM, 데이터 사이언티스트 외 등록일 26/04/13"
53612864,[STH] 프론트엔드 개발자 채용 공고,~ 04/22(수) 입사지원,경기 용인시 수지구 경력무관 학력무관 정규직·계약직,"프론트엔드, 웹개발, SI·시스템통합 수정일 26/04/15"
53616698,"[대전,서울 - 경력 3년이상] 프론트엔드 / 풀스택 개발자 채용",~ 05/13(수) 입사지원,대전 유성구 경력3년↑ 대졸↑ 정규직·기간제,"ReactJS, React-Native, 프론트엔드, Javascript, 웹개발 외 등록일 26/04/13"
53622902,러닝 앱/웹 신입 개발자 채용,~ 05/14(목) 입사지원,인천 연수구 경력무관 학력무관 계약직,"웹개발, 백엔드/서버개발, 앱개발, 풀스택, 스포츠·레저용품 수정일 26/04/14"
53624559,[박태준만화회사] AI 기반 웹툰 제작 자동화 개발자 모집,채용시 입사지원,서울 강남구 경력 3~7년 학력무관 정규직,"웹개발, 개발PM, 출판사 등록일 26/04/14"
53333078,바이브코딩 풀스택 개발자 채용,~ 04/19(일) 입사지원,"서울 금천구 신입 대졸↑ 정규직 4,000 만원","프론트엔드, 백엔드/서버개발, Python, AI(인공지능), .NET 외 수정일 26/03/20"
53466418,[주식회사 딜리트] 백엔드 개발자 모집(신입&경력),~ 04/27(월) 입사지원,"경기 용인시 기흥구 경력무관 학력무관 정규직 3,200 만원","백엔드/서버개발, SI·시스템통합, 소프트웨어개발 등록일 26/03/28"
53545970,E3TS IT팀 웹퍼블리셔 공개채용,~ 05/06(수) 입사지원,서울 구로구 신입·경력 학력무관 정규직,"ReactJS, 프론트엔드, Javascript, Vue.js, 퍼블리셔 외 등록일 26/04/06"
53333656,"백엔드, 소프트웨어 개발자 모집공고",오늘마감 입사지원,서울 강남구 경력1년↑ 학력무관 정규직,"Javascript, 웹개발, 백엔드/서버개발, Java, Node.js 외 수정일 26/03/18"
53565077,[제주] 웹 개발자 채용 공고,~ 05/08(금) 입사지원,제주 제주시 경력무관 초대졸↑ 정규직,"프론트엔드, 웹개발, 백엔드/서버개발, 앱개발, 데이터분석가 외 등록일 26/04/08"
53611372,[와투비에듀] 주니어 웹 개발자 채용,~ 05/13(수) 입사지원,경남 김해시 경력무관 학력무관 정규직,"웹개발, 교재제작·출판 수정일 26/04/13"
53524388,"[신입, 경력] 자바(JAVA) 개발 엔지니어 직원 채용",~ 05/29(금) 입사지원,서울 금천구 경력무관 대졸↑ 정규직,"ReactJS, Javascript, 웹개발, Java, Vue.js 외 등록일 26/04/03"
53554850,[마리나체인] Fullstack Engineer 채용,~ 05/07(목) 입사지원,서울 강남구 경력무관 대졸↑ 정규직,"웹개발, 백엔드/서버개발, 앱개발, 솔루션업체 수정일 26/04/08"
53618352,[아기유니콘] 웹 및 앱 개발자,~ 05/13(수) 입사지원,경기 하남시 경력 3~10년 고졸↑ 정규직,"React-Native, 웹개발, 앱개발, AWS, PostgreSQL 외 수정일 26/04/14"
53414063,프론트엔드 개발자 모집,~ 04/21(화) 입사지원,부산 남구 신입·경력 고졸↑ 정규직,"ReactJS, 프론트엔드, Javascript, 웹개발, Java 외 수정일 26/03/23"
53437900,프론트엔드 개발자_1~4년,~ 04/23(목) 입사지원,서울 마포구 경력 1~4년 학력무관 정규직,"ReactJS, 프론트엔드, Javascript, 웹개발, CSS 외 수정일 26/03/25"
53602064,(주)바틀에서 AI 활용 풀스택 개발자를 찾고 있어요,~ 05/12(화) 입사지원,경기 성남시 분당구 경력무관 학력무관 정규직,"웹개발, 백엔드/서버개발, 앱개발, SI개발, SI·시스템통합 외 수정일 26/04/12"
53605463,(주)마이아이비 개발자 모집,채용시 입사지원,경기 성남시 분당구 경력무관 학력무관 정규직,"ReactJS, React-Native, SpringBoot, MySQL, 소프트웨어개발 등록일 26/04/13"
53653781,(주)올커넥 프론트엔드 엔지니어 채용,~ 05/17(일) 입사지원,서울 금천구 경력3년↑ 대졸↑ 정규직,"프론트엔드, 소프트웨어개발 등록일 26/04/17"
53123142,웹 솔루션 개발 (신입),~ 04/21(화) 입사지원,서울 중구 신입 대졸↑ 정규직,"프론트엔드, 웹개발, 백엔드/서버개발, 솔루션업체, 소프트웨어개발 등록일 26/02/20"
53591426,고(故)팀장 (프론트엔드&백엔드) 개발자 채용 (경력 5년이상),~ 05/10(일) 입사지원,서울 강서구 경력 5~15년 초대졸↑ 정규직,"프론트엔드, 웹개발, 백엔드/서버개발, SI·시스템통합 수정일 26/04/13"
53480121,세무법인 백엔드 개발자 모십니다,~ 04/29(수) 입사지원,서울 강남구 경력무관 학력무관 기간제·계약직,"백엔드/서버개발, 세무법인 등록일 26/03/30"
53490535,[AIMZ MEDIA] 기업부설연구소 프론트엔드 개발자 채용,채용시 입사지원,서울 금천구 경력무관 대졸↑ 계약직 273 만원,"프론트엔드, 퍼블리셔, 반응형웹, R&D, UI/UX디자인 외 수정일 26/03/31"
53524517,[똑똑홀딩스 / 신논현역]프론트엔드 개발자경력직 채용,~ 05/03(일) 입사지원,서울 강남구 경력무관 초대졸↑ 계약직,"프론트엔드, 웹개발, 백엔드/서버개발, 광고대행사 등록일 26/04/03"
53569019,[신입/경력] Product Engineer 채용,채용시 입사지원,경기 수원시 영통구 신입·경력 학력무관 정규직,"프론트엔드, 웹개발, 백엔드/서버개발, 앱개발, ERP 외 수정일 26/04/08"
53569636,풀스택 개발자 (웹개발/백엔드·서버개발) 신입 채용,~ 06/01(월) 입사지원,대구 수성구 경력무관 초대졸↑ 정규직,"웹개발, 백엔드/서버개발, AI(인공지능), 기계, 메카트로닉스 수정일 26/04/08"
53580158,(주)유니유니 프론트엔드 개발자 모집,~ 05/09(토) 입사지원,"경기 성남시 분당구 경력무관 학력무관 정규직·기간제 3,000 만원","프론트엔드, 웹개발, 정보보안, 인프라, 클라우드 외 등록일 26/04/09"
53329804,"[정규직]SK하이닉스 불량,분석 프로젝트 구인 (React 대리~차장)",채용시 입사지원,경기 성남시 분당구 경력 3~15년 대졸↑ 정규직,"React, 웹개발, 백엔드/서버개발, Java, SI개발 외 수정일 26/04/08"
51067870,프론트엔드 개발자 (React.js 2년이상),채용시 입사지원,서울 영등포구 경력2년↑ 학력무관 정규직,"React, 프론트엔드, Javascript, 웹개발, TypeScript 외 수정일 26/03/24"
53587810,[구로] 프론트엔드 개발 / REACT 필수 / 프리랜서,채용시 입사지원,서울 구로구 경력 4~12년 학력무관 프리랜서,"ReactJS, React, 프론트엔드, 웹개발, 반응형웹 외 수정일 26/04/13"
53426500,React Front-End 개발자 채용(중급 이상),~ 04/23(목) 입사지원,서울 송파구 경력4년↑ 초대졸↑ 계약직·프리랜서,"React, 프론트엔드, IT·통신기기판매 등록일 26/03/24"
53473475,[에이전트밋] 비즈밋 풀스택 개발자 채용 (React/Next.js),~ 05/29(금) 입사지원,부산 부산진구 경력 2~5년 학력무관 정규직,"React, 프론트엔드, 백엔드/서버개발, Node.js, PostgreSQL 외 수정일 26/04/13"
53403569,소프트웨어 엔지니어 모집(React / Next.js / Node.js),~ 05/20(수) 홈페이지 지원,서울 관악구 경력무관 대졸↑ 정규직,"React-Native, React, 프론트엔드, 백엔드/서버개발, Node.js 외 수정일 26/03/23"
53578443,"통신사 차세대 BSS 프로젝트 개발자(Java, React, AI Agent)",~ 06/08(월) 입사지원,서울 영등포구 경력 학력무관 정규직·계약직,"백엔드/서버개발, AI(인공지능), SI·시스템통합 등록일 26/04/09"
53642661,[CJ ENM] Mnet Plus 앱 개발(React Native)_경력채용,~ 04/30(목) 홈페이지 지원,서울 마포구 경력3년↑ 학력무관 정규직,"앱개발, 기술지원, 데이터엔지니어 수정일 26/04/16"
53344536,[골프존클라우드] 웹 프론트엔드 개발자 (React / Vue),~ 05/15(금) 입사지원,서울 강남구 경력5년↑ 대졸↑ 정규직,"프론트엔드, ERP 수정일 26/04/13"
53638099,App(React Native) 개발자(전문연구요원가능),~ 05/15(금) 입사지원,경기 안양시 동안구 경력 2~10년 초대졸↑ 정규직·전문연구요원,"프론트엔드, 반응형웹, 웹표준·웹접근성, 크로스브라우징, 인터페이스 외 수정일 26/04/16"
53623415,"[울산] 제조 시스템 개발자 모집(Java, react)",~ 05/14(목) 입사지원,울산 중구 경력3년↑ 초대졸↑ 정규직·프리랜서,"Java, MSSQL, NEXACRO, SI·시스템통합, 솔루션업체 외 등록일 26/04/14"
53580477,Front end(React) 개발자를 모십니다.,~ 05/09(토) 입사지원,서울 금천구 경력6년↑ 대졸↑ 정규직·프리랜서,"프론트엔드, 웹개발, 백엔드/서버개발, Java, HTML 외 수정일 26/04/09"
53607578,[유씨웨어] React/TypeScript 프론트엔드 개발자 채용(경력),~ 04/30(목) 입사지원,경기 성남시 수정구 경력 3~5년 대졸↑ 정규직,"프론트엔드, 솔루션업체 수정일 26/04/13"
53504295,IT자산관리 포털 (기획/UI·UX/QA/BE:Spring/FE:Vue·React),~ 05/01(금) 입사지원,서울 강남구 경력9년↑ 학력무관 프리랜서,"프론트엔드, 백엔드/서버개발, 퍼블리셔, QA/테스터, UI/UX디자인 외 등록일 26/04/01"
53539731,[JAVA/REACT SM 재택] IT기업 해외사업 등기업무 운영 (5),~ 05/06(수) 입사지원,서울 성동구 경력 2~5년 초대졸↑ 프리랜서,"웹개발, 소프트웨어개발 수정일 26/04/06"
53546531,[REACT SM/SI 선릉역] CRM 프론트엔드 개발 및 운영(5),~ 05/06(수) 입사지원,서울 강남구 경력 2~6년 초대졸↑ 프리랜서,"ReactJS, 프론트엔드, Javascript, TypeScript, AWS 외 등록일 26/04/06"
53612656,[프로젝트/강남]업무시스템 프론트엔드(React) 개발 경력 채,~ 04/24(금) 입사지원,서울 강남구 경력 3~9년 초대졸↑ 프리랜서,"프론트엔드, 웹개발, 소프트웨어개발 수정일 26/04/13"
53572392,[채용] React 기반 백엔드 경력 개발자 모집 (3년 이상),~ 05/08(금) 입사지원,서울 서초구 경력 3~10년 학력무관 정규직,"프론트엔드, 웹개발, 백엔드/서버개발, 앱개발, 유지보수 외 등록일 26/04/08"
53640673,[학원의신] 앱 개발자 (React Native/Expo),~ 06/14(일) 입사지원,대구 수성구 경력무관 학력무관 정규직,"앱개발, 컨텐츠제공 등록일 26/04/15"
53599553,"[울산] 개발자 (nodejs, react)",~ 05/11(월) 입사지원,울산 남구 경력1년↑ 대졸↑ 정규직,"프론트엔드, 웹개발, 백엔드/서버개발, Node.js, TypeScript 외 등록일 26/04/11"
53438344,경력직 프론트엔드&백엔드 개발자 (Vue.js/React) 채용 공고,~ 04/24(금) 입사지원,대전 서구 경력2년↑ 학력무관 계약직,"프론트엔드, 웹개발, 앱개발, 유지보수, SE(시스템엔지니어) 외 수정일 26/03/25"
53460341,React Native / React / Frontend 개발자 채용,~ 04/26(일) 입사지원,"서울 강남구 경력 1~5년 대졸↑ 정규직 5,000 만원","프론트엔드, 소프트웨어개발 등록일 26/03/27"
53584482,주식회사엑심플래닛 React 프론트·Python 백엔드 경력 채용 공고,~ 05/09(토) 입사지원,대전 유성구 경력5년↑ 대졸↑ 정규직,"프론트엔드, 백엔드/서버개발, 전자상거래 수정일 26/04/09"
53618894,"(청주) react 초,중급 개발자 모집",~ 05/14(목) 입사지원,충북 청주시 서원구 경력 1~10년 초대졸↑ 계약직·프리랜서,"웹개발, SI·시스템통합 등록일 26/04/14"
53624766,React + Node.js 풀스택 개발자 (경력 3년 이상) 채용,~ 06/13(토) 입사지원,서울 영등포구 경력 3~5년 학력무관 정규직,"프론트엔드, 백엔드/서버개발, 앱개발, 컨텐츠제공 수정일 26/04/15"
53448496,풀스택 (spring/react) 개발자 채용 (프리랜서),~ 04/25(토) 입사지원,경기 성남시 분당구 경력 10~15년 대졸↑ 프리랜서,"React, 웹개발, JPA, Spring, 컨텐츠제공 외 수정일 26/04/07"
53259983,시니어 Java / React 개발자 채용,~ 05/05(화) 입사지원,서울 금천구 경력5년↑ 학력무관 정규직,"React, Java, 솔루션업체, 소프트웨어개발 등록일 26/03/06"
53657324,[JAVA/REACT SI 정자역] 권한관리 설계 업무 (3),~ 05/17(일) 입사지원,경기 성남시 분당구 경력9년↑ 초대졸↑ 프리랜서,"React, 웹개발, Java, 설계개발, SI·시스템통합 수정일 26/04/17"
53600148,IT운영/React/프론트엔드 개발/경력5년이상,~ 04/26(일) 입사지원,서울 송파구 경력 5~10년 대졸↑ 정규직,"ReactJS, React, 웹개발, Git, S/W 외 등록일 26/04/11"
51067920,"앱 개발자 (React Native, 2년 이상)",채용시 입사지원,서울 영등포구 경력2년↑ 학력무관 정규직,"React, Javascript, TypeScript, CSS, 앱개발 외 수정일 26/03/24"
53170666,"Java Spring, React 풀스택 개발 경력직 재춍",상시채용 입사지원,서울 서초구 경력2년↑ 대졸↑ 정규직,"React, Javascript, Java, Node.js, jQuery 외 등록일 26/02/25"
53578730,"[프리랜서/판교] 풀스택(Java, React) 개발자 모집",~ 05/09(토) 입사지원,경기 성남시 분당구 경력 8~20년 학력무관 프리랜서,"React, 백엔드/서버개발, Java, API, AWS 외 등록일 26/04/09"
53377544,은행 채널계 React 개발,오늘마감 입사지원,서울 영등포구 경력6년↑ 학력무관 계약직·프리랜서,"React, 웹개발, Java, SI·시스템통합, 소프트웨어개발 등록일 26/03/18"
53568835,"(대전) LGES PLM, React, 고급",채용시 입사지원,대전 유성구 경력9년↑ 초대졸↑ 프리랜서,"React, SpringBoot, SI·시스템통합, NI·네트워크통합, 시스템관리 외 수정일 26/04/15"
53655827,"(증미) LGES EUBR 규제대응 분석/설계, React, 중급",채용시 입사지원,서울 강서구 경력 7~10년 초대졸↑ 프리랜서,"React, SpringBoot, SI·시스템통합, NI·네트워크통합, 시스템관리 외 수정일 26/04/17"
53449250,[React Native] 프론트엔드 개발자 채용,~ 05/25(월) 입사지원,서울 성동구 경력3년↑ 학력무관 정규직,"React-Native, React, 프론트엔드, 앱개발, 소프트웨어개발 수정일 26/04/17"
53660346,[투비소프트]React 기반 웹 에디터(IDE) 프론트엔드 개발자 채용,~ 05/01(금) 입사지원,서울 강남구 경력 3~5년 초대졸↑ 정규직,"CSS3, HTML5, jQuery, 소프트웨어개발 등록일 26/04/17"
53117542,[DEEPNOID] Frontend Engineer (React),채용시 홈페이지 지원,서울 구로구 경력5년↑ 대졸↑ 정규직,"프론트엔드, 소프트웨어개발 수정일 26/03/01"
53625429,App 개발자 (React Native)_6년 이상,~ 05/13(수) 입사지원,서울 강남구 경력 6~8년 고졸↑ 정규직,"React-Native, TypeScript, 앱개발, 소프트웨어개발 수정일 26/04/14"
53625416,App 개발자 (React Native)_9년 이상,~ 05/13(수) 입사지원,서울 강남구 경력 9~10년 고졸↑ 정규직,"React-Native, TypeScript, 앱개발, 소프트웨어개발 수정일 26/04/14"
53421917,[렉시스에듀케이션] 프론트엔드 웹 개발자 채용,~ 04/23(목) 입사지원,서울 서초구 경력2년↑ 학력무관 정규직·계약직,"React, 프론트엔드, Javascript, 웹개발, 백엔드/서버개발 외 수정일 26/03/24"
53443572,"[세원아이티] JAVA 웹프로그래머 채용 공고(대구, 대전)",~ 04/25(토) 입사지원,대구 수성구 신입·경력 초대졸↑ 정규직,"React, Javascript, 웹개발, Java, SpringBoot 외 수정일 26/04/11"
53428241,[프론트엔드] 빠른 성장과 안정성 둘다 잡고 싶다면,~ 04/23(목) 입사지원,서울 금천구 경력1년↑ 대졸↑ 정규직,"ReactJS, React-Native, React, 프론트엔드, Javascript 외 수정일 26/03/24"
53473346,[네오플] 프로그래밍 직군 분야별 모집 (근무지: 제주),상시채용 홈페이지 지원,제주 제주시 신입·경력 학력무관 정규직,"React, 백엔드/서버개발, Java, Node.js, CSS 외 등록일 26/03/30"
53590883,동명기술공단 부설연구소 AI / 백엔드 개발자 채용 공고,~ 05/10(일) 입사지원,서울 강동구 경력3년↑ 학력무관 정규직,"React, Javascript, 백엔드/서버개발, Node.js, Git 외 등록일 26/04/10"
53592869,[다래파크텍] C++ 백엔드 서버 개발자 경력직 채용,~ 05/10(일) 입사지원,서울 송파구 경력 5~15년 초대졸↑ 정규직,"React, 프론트엔드, 웹개발, 백엔드/서버개발, 앱개발 외 등록일 26/04/10"
53606985,물류시스템 개발 및 운영 (정규직 경력 채용),~ 05/13(수) 입사지원,서울 구로구 경력 5~15년 대졸↑ 정규직,"React, 웹개발, 백엔드/서버개발, Java, SpringBoot 외 수정일 26/04/13"
53542962,"(주)아이티포워드 정규직 공공기관 SI, SM 인재모집(신입)",~ 05/06(수) 입사지원,경기 성남시 분당구 경력무관 초대졸↑ 정규직,"ReactJS, React-Native, React, 프론트엔드, 웹개발 외 등록일 26/04/06"
53603380,[경력] ERP 시스템 개발자 정규직 채용,~ 06/12(금) 입사지원,서울 영등포구 경력 2~7년 초대졸↑ 정규직,"React, 웹개발, Java, 앱개발, SpringBoot 외 등록일 26/04/13"
53472666,[신입/경력] JAVA 웹/앱 백엔드 개발자 모집,채용시 입사지원,경기 과천시 경력3년↑ 초대졸↑ 정규직,"React, Javascript, 웹개발, 백엔드/서버개발, Java 외 등록일 26/03/30"
53533810,[경력] 앱 유지 및 배포 엔지니어(iOS/Android/Flutter) 모집,채용시 입사지원,경기 과천시 경력4년↑ 초대졸↑ 정규직,"React, Javascript, 백엔드/서버개발, Java, Node.js 외 등록일 26/04/04"
53619693,제조 AI 및 AI Factory 소프트웨어 개발자를 모집합니다.,~ 05/04(월) 입사지원,"대구 수성구 경력무관 대졸↑ 정규직 3,500 만원","React, 웹개발, Java, Node.js, SpringBoot 외 등록일 26/04/14"
53583726,IDC 데이터센터 서울/죽전/ 인천/여의도/전주 관제 업무 (OP),~ 05/09(토) 입사지원,경기 용인시 수지구 경력무관 초대졸↑ 정규직,"ReactJS, React, 프론트엔드, 백엔드/서버개발, Node.js 외 등록일 26/04/09"
53570577,[캐시워크] 백엔드/서버 개발자,~ 05/08(금) 홈페이지 지원,서울 강남구 경력3년↑ 대졸↑ 정규직,"React, Javascript, 웹개발, 백엔드/서버개발, Java 외 등록일 26/04/08"
53570573,[캐시워크] 백엔드개발 채용전환형 인턴,~ 05/08(금) 홈페이지 지원,서울 강남구 신입 학력무관 인턴직,"React-Native, React, 웹개발, 백엔드/서버개발, Java 외 등록일 26/04/08"
53427874,[강남구/정규직/급여협의]중견기업 IT팀 개발 담당자 채용,~ 04/23(목) 입사지원,서울 강남구 경력6년↑ 대졸↑ 파견직,"React, Javascript, 웹개발, 백엔드/서버개발, Java 외 등록일 26/03/24"
53376778,[메타크래프트] 웹개발자 모집 안내,~ 05/17(일) 입사지원,서울 구로구 경력3년↑ 학력무관 정규직,"React, Javascript, 웹개발, 백엔드/서버개발, Node.js 외 수정일 26/03/18"
53432677,서비스나우(Servicenow) 신입 사원 모집,채용시 입사지원,서울 강남구 경력무관 대졸↑ 정규직,"React, 프론트엔드, Javascript, Java, 반응형웹 외 등록일 26/03/25"
53594278,"[CAL/ 일본 근무] WEB/ IT 개발자 채용, 미경험 신입 대환영",~ 05/10(일) 입사지원,"일본 경력무관 초대졸↑ 정규직 3,700 만원","React, Javascript, 웹개발, 백엔드/서버개발, Java 외 수정일 26/04/10"
53621323,AI·Web3 개발자,~ 05/14(목) 입사지원,서울 강남구 경력3년↑ 초대졸↑ 정규직,"React-Native, React, 프론트엔드, 웹개발, 백엔드/서버개발 외 등록일 26/04/14"
53290898,"[웹개발] 경력,신입사원(JAVA)정직원을 모집 함.",~ 05/09(토) 입사지원,서울 구로구 경력무관 대졸↑ 정규직·계약직,"ReactJS, React-Native, React, 웹개발, Java 외 수정일 26/04/07"
53483652,Java 개발자 / 정규직 / 대리,~ 04/30(목) 입사지원,"서울 강남구 경력3년↑ 학력무관 정규직 3,500 만원","React, 프론트엔드, Javascript, 웹개발, 백엔드/서버개발 외 수정일 26/03/31"
53248538,[이지스(코스닥 상장사)] IT분야 신입/경력 직무별 채용,채용시 입사지원,대구 수성구 신입·경력 학력무관 정규직,"ReactJS, React, 프론트엔드, Javascript, 웹개발 외 수정일 26/03/05"
53496019,Java 신입/경력 개발자 모집,~ 05/01(금) 입사지원,"서울 강남구 경력무관 학력무관 정규직 2,800 만원","ReactJS, React, 웹개발, Java, Node.js 외 등록일 26/04/01"
53524903,[HB디지털이노베이션] 금융 IT개발 부문 채용,~ 05/03(일) 입사지원,서울 서초구 경력 1~10년 학력무관 정규직,"React, 프론트엔드, 웹개발, 백엔드/서버개발, Java 외 수정일 26/04/03"
53513240,C# / MSSQL 개발 신입/경력 모집(부산) - 스마트공장,~ 06/01(월) 입사지원,부산 북구 신입·경력 초대졸↑ 정규직·계약직,"ReactJS, React, 프론트엔드, Javascript, Java 외 등록일 26/04/02"
53513327,"C# .net 개발자 모집 (ERP, MES)",~ 06/01(월) 입사지원,서울 금천구 신입·경력 초대졸↑ 정규직·계약직,"ReactJS, React, 프론트엔드, Javascript, Java 외 등록일 26/04/02"
53579881,마켓빌리 JAVA / DBA / TA / AA / PYTHON Recruitment,~ 05/09(토) 입사지원,서울 구로구 경력무관 학력무관 정규직·계약직,"React-Native, React, Javascript, Java, Node.js 외 등록일 26/04/09"
53382955,[웹개발] 공공 프로젝트 개발자 채용 공고,내일마감 입사지원,서울 종로구 경력무관 학력무관 정규직,"React, Javascript, 웹개발, Java, API 외 등록일 26/03/19"
53604155,SI 유지보수 개발자 및 웹개발자 채용,~ 05/13(수) 입사지원,대전 유성구 경력 5~10년 대졸↑ 정규직,"React, 웹개발, Java, 웹마스터, 유지보수 외 등록일 26/04/13"
53653948,가이랩(주) 백엔드개발자 모집,~ 06/16(화) 입사지원,"서울 금천구 경력2년↑ 대졸↑ 정규직·계약직 3,200 만원","React-Native, React, Javascript, 웹개발, Java 외 수정일 26/04/17"
53460775,최고의 복지로 함께할 '웹 풀스택 개발자' 를 찾습니다.,~ 04/26(일) 입사지원,서울 중구 경력무관 학력무관 정규직,"ReactJS, React, Javascript, 백엔드/서버개발, Node.js 외 수정일 26/03/27"
53595034,시스템 소프트웨어 개발 경력직 모집,~ 04/25(토) 입사지원,서울 서초구 신입·경력 대졸↑ 정규직,"React, 프론트엔드, 웹개발, Java, 기술지원 외 등록일 26/04/10"
53422229,아트만파트너스 Web 개발자(ERP 시스템 등) 모집 공고,채용시 입사지원,서울 강남구 신입·경력 초대졸↑ 정규직,"React, 백엔드/서버개발, Java, 데이터엔지니어, 데이터시각화 외 등록일 26/03/24"
53425891,[트랜스코스모스/여의도] 당사 CX개발2부 신입/경력직 채용 Mm1E,~ 04/23(목) 입사지원,"서울 영등포구 신입 초대졸↑ 정규직 3,100 만원","프론트엔드, Javascript, 웹개발, 백엔드/서버개발, Java 외 수정일 26/04/07"
53613532,[하이브랩] Java / Spring 백엔드 개발자 채용 (6년 이상),~ 05/13(수) 입사지원,경기 성남시 분당구 경력6년↑ 초대졸↑ 정규직,"백엔드/서버개발, Python, AI(인공지능), AWS, Docker 외 등록일 26/04/13"
53609015,물류시스템 개발 및 운영 경력 채용,~ 05/12(화) 입사지원,서울 구로구 경력 5~15년 대졸↑ 정규직,"프론트엔드, 백엔드/서버개발, 솔루션업체, 소프트웨어개발 수정일 26/04/13"
53515275,[피앤피시큐어 및 관계사] SW 연구개발직군 신입/경력 공개채용,~ 04/21(화) 홈페이지 지원,서울 강서구 신입·경력 학력무관 정규직,"프론트엔드, 웹개발, 백엔드/서버개발, Java, Vue.js 외 수정일 26/04/07"
53556657,"[오아/코스닥 상장] 서비스 개발(Back-end, python)",~ 05/07(목) 입사지원,서울 서초구 경력무관 학력무관 정규직·계약직,"웹개발, 백엔드/서버개발, Git, Python, Django 외 등록일 26/04/07"
53502070,IT/AI부문(전문연구요원 포함)신입,~ 05/04(월) 입사지원,서울 종로구 신입 대졸↑ 정규직,"딥러닝, 머신러닝, AI(인공지능), 언론사 수정일 26/04/05"
53326198,[정규직/코스닥/AI SW전문기업] LLM 풀스택 개발 경력직 채용,채용시 입사지원,서울 강남구 경력1년↑ 대졸↑ 정규직,"React, 웹개발, 백엔드/서버개발, Node.js, TypeScript 외 등록일 26/03/13"
53521025,(주)제이비티 데이터 엔지니어 및 시스템 개발자 정규직 채용,~ 05/03(일) 입사지원,경기 성남시 수정구 경력2년↑ 학력무관 정규직,"React, 프론트엔드, 웹개발, 백엔드/서버개발, Java 외 수정일 26/04/03"
53658038,2026년 GS칼텍스 DAX Lab 경력사원 채용,~ 05/03(일) 홈페이지 지원,서울 강남구 경력 3~7년 학력무관 정규직,"React, 프론트엔드, 웹개발, 백엔드/서버개발, Node.js 외 등록일 26/04/17"
53479595,[매일유업 계열] 엠즈푸드시스템 풀스택 웹 개발자 채용,~ 04/29(수) 입사지원,서울 마포구 경력4년↑ 대졸↑ 정규직,"React, 프론트엔드, Javascript, 웹개발, 백엔드/서버개발 외 등록일 26/03/30"
53644710,[잠실] IT운영/개발팀 리더를 모시고 있어요,~ 04/30(목) 입사지원,서울 송파구 경력 10~20년 초대졸↑ 정규직·계약직,"React, 프론트엔드, Javascript, 웹개발, Java 외 등록일 26/04/16"
53424502,에이아이티스토리 개발자 신입/경력 채용 (플랫폼 개발자),~ 04/23(목) 입사지원,서울 마포구 경력무관 대졸↑ 정규직·계약직,"React, Javascript, 웹개발, Java, Vue.js 외 수정일 26/04/06"
53533981,[경력] 프론트엔드 개발자 모집,채용시 입사지원,경기 과천시 경력2년↑ 초대졸↑ 정규직,"React, 프론트엔드, Javascript, 웹개발, Node.js 외 등록일 26/04/04"
53589046,웹 프론트엔드 개발 업무- (판교),~ 04/30(목) 입사지원,경기 성남시 분당구 경력2년↑ 대졸↑ 정규직,"React, 프론트엔드, Javascript, 웹개발, Node.js 외 수정일 26/04/10"
53459689,프론트엔드 개발자 (신입/경력) 채용,~ 04/26(일) 입사지원,서울 성동구 경력무관 초대졸↑ 정규직·계약직,"React, 프론트엔드, SI·시스템통합, 소프트웨어개발, SM 수정일 26/04/03"
53570567,[캐시워크] 프론트엔드개발 채용전환형 인턴,~ 05/08(금) 홈페이지 지원,서울 강남구 신입 학력무관 인턴직,"ReactJS, React-Native, React, 프론트엔드, 웹개발 외 등록일 26/04/08"
53642952,[일산/~6000만/정규직]유명기업(유통플랫폼)풀스택개발(JAVA),~ 05/01(금) 입사지원,경기 고양시 일산동구 경력3년↑ 학력무관 정규직,"React, Javascript, 웹개발, 백엔드/서버개발, ASP 외 등록일 26/04/16"
53438246,Backend 개발자 채용,채용시 입사지원,서울 마포구 경력2년↑ 학력무관 계약직,"React, Java, TypeScript, CSS, Git 외 수정일 26/04/15"
53657760,기업연구소 개발자 정규직 및 계약직 모집합니다.,~ 05/20(수) 입사지원,대구 수성구 경력 3~10년 초대졸↑ 정규직·계약직,"React, 웹개발, 백엔드/서버개발, Node.js, 게임개발 외 등록일 26/04/17"
53501026,풀스택 개발자 채용,~ 04/30(목) 입사지원,서울 강남구 경력5년↑ 대졸↑ 계약직,"React, 프론트엔드, Javascript, 백엔드/서버개발, Node.js 외 수정일 26/04/06"
53569681,[클라우드 서비스]를 함께 만들어갈 웹개발자 모집,~ 05/08(금) 입사지원,서울 마포구 경력무관 대졸↑ 정규직,"React, 웹개발, SpringBoot, 블록체인, 클라우드 외 등록일 26/04/08"
53594196,[신입/경력 무관] 소프트웨어 개발자 계약직 채용,~ 04/19(일) 입사지원,대구 수성구 경력무관 학력무관 계약직,"ReactJS, React-Native, React, 프론트엔드, Javascript 외 수정일 26/04/10"
53329261,"[중/고급] 클러쉬 백엔드, 프론트엔드, 풀스택 경력 개발자 채용",~ 04/30(목) 입사지원,서울 강남구 경력5년↑ 학력무관 정규직,"React, 프론트엔드, Javascript, 웹개발, 백엔드/서버개발 외 수정일 26/04/01"
53559516,[로봇·AI기업] SW 개발자 채용,~ 05/07(목) 입사지원,서울 금천구 신입·경력 초대졸↑ 기간제·계약직,"React-Native, React, 프론트엔드, Javascript, 백엔드/서버개발 외 등록일 26/04/07"
53618982,[중/고급] 클러쉬 운영유지보수/FE/BE 개발자 채용,~ 05/14(목) 입사지원,서울 강남구 경력5년↑ 학력무관 정규직,"React, 프론트엔드, Javascript, 웹개발, 백엔드/서버개발 외 수정일 26/04/14"
53436724,Product Client(App) Engineer를 찾고 있습니다.,채용시 입사지원,서울 강서구 신입·경력 대졸↑ 정규직,"React-Native, React, 프론트엔드, 웹개발, 앱개발 외 수정일 26/03/25"
53436535,Product Server(Backend) Engineer를 찾고 있습니다,~ 05/24(일) 입사지원,서울 강서구 신입·경력 대졸↑ 정규직,"React, 웹개발, 백엔드/서버개발, SpringBoot, AWS 외 수정일 26/03/27"
53543943,Product Server Engineer를 찾고 있습니다,~ 05/06(수) 입사지원,"서울 강서구 신입·경력 대졸↑ 정규직 3,600 만원","React, 웹개발, 백엔드/서버개발, SpringBoot, AWS 외 수정일 26/04/06"
53543973,Product App Engineer를 찾고 있습니다.,~ 05/06(수) 입사지원,"서울 강서구 신입·경력 대졸↑ 정규직 3,600 만원","React-Native, React, 프론트엔드, 웹개발, 앱개발 외 수정일 26/04/06"
53620566,제조 운영/실행 시스템(MOM/MES) 개발 및 유지보수 (경력),~ 05/14(목) 입사지원,경남 창원시 성산구 경력무관 학력무관 정규직,"React, 백엔드/서버개발, 유지보수, SI개발, 솔루션 외 등록일 26/04/14"
53607441,프론트엔드 개발자,~ 05/12(화) 입사지원,서울 성동구 경력 3~10년 대졸↑ 정규직,"React, 프론트엔드, Javascript, TypeScript, CSS 외 수정일 26/04/13"
53635929,[한국공간데이터] 풀스택 엔지니어 채용,~ 06/14(일) 입사지원,서울 서초구 경력5년↑ 대졸↑ 정규직,"React, 백엔드/서버개발, TypeScript, Git, AI(인공지능) 외 수정일 26/04/16"
53146340,웹에이전시 (주)뮤자인 웹퍼블리셔/프론트개발자 채용(1년이상),상시채용 입사지원,서울 강동구 경력1년↑ 학력무관 정규직,"React, 프론트엔드, Javascript, 웹개발, Java 외 등록일 26/02/23"
53567442,로아스(LOAS)-웹 프론트엔드(Fronted Engineer) 개발자 채용,~ 04/19(일) 입사지원,서울 송파구 경력5년↑ 대졸↑ 정규직,"React, 프론트엔드, Javascript, 웹개발, 백엔드/서버개발 외 등록일 26/04/08"
53632235,대전/세종/전주/부산/광주 지방 웹개발 경력자 찾습니다.,상시채용 입사지원,세종특별자치시 경력 4~20년 학력무관 무기계약직·계약직,"React, 웹개발, 백엔드/서버개발, Java, 퍼블리셔 외 등록일 26/04/15"
53261843,[H에너지] 플랫폼 개발자 (풀스택) 경력사원 채용,채용시 입사지원,서울 강남구 경력2년↑ 대졸↑ 정규직,"React, 프론트엔드, 웹개발, 백엔드/서버개발, Vue.js 외 등록일 26/03/06"
53291465,"마켓빌리 웹,앱기획 UI/UX 디자이너 모집합니다.",~ 05/09(토) 입사지원,서울 구로구 경력무관 학력무관 정규직·계약직,"React-Native, React, Javascript, 웹개발, Java 외 수정일 26/04/10"
53620988,정다운영농조합법인 IT 자동화 개발 및 관리 담당자 경력 채용 공고,~ 05/14(목) 입사지원,"대구 수성구 경력 1~5년 학력무관 정규직 3,200 만원","React, Javascript, 웹개발, 백엔드/서버개발, Node.js 외 수정일 26/04/14"
53622160,2026년 웹개발 경력직 채용 (Backend / Full Stack),~ 05/15(금) 입사지원,부산 남구 경력 3~15년 대졸↑ 정규직,"React, 웹개발, 백엔드/서버개발, Java, Vue.js 외 수정일 26/04/14"
53558749,(주)브랜뉴닷컴 백엔드개발자 모집 (경력 1년 이상),상시채용 입사지원,서울 금천구 경력1년↑ 대졸↑ 정규직,"React, Javascript, 웹개발, 백엔드/서버개발, Node.js 외 등록일 26/04/07"
53646542,[타디스테크놀로지] Technical Product Lead 경력채용,~ 05/16(토) 입사지원,서울 성동구 경력 10~15년 대졸↑ 정규직,"React, Java, SpringBoot, AWS, Docker 외 등록일 26/04/16"
53637952,"프론트엔드, 앱 개발(iOS/경력 1-3년)",~ 05/15(금) 입사지원,서울 송파구 경력 1~3년 학력무관 정규직,"React, 프론트엔드, Java, TypeScript, Git 외 수정일 26/04/16"
53491469,풀스택 개발자 (1~3년차),~ 04/30(목) 입사지원,충북 청주시 흥덕구 경력무관 대졸↑ 정규직,"React, Javascript, 백엔드/서버개발, Java, Git 외 수정일 26/04/01"
53647662,[경력] Front-end Engineer(프론트엔드 엔지니어) 채용,~ 05/14(목) 입사지원,서울 성동구 경력5년↑ 학력무관 계약직,"React, 프론트엔드, Javascript, 웹개발, 백엔드/서버개발 외 등록일 26/04/16"
53411016,"[신입/경력] Web 개발자 모집(스마트팩토리, AI 솔루션)",채용시 입사지원,서울 강서구 경력무관 학력무관 정규직·계약직,"ReactJS, React, 프론트엔드, Javascript, 백엔드/서버개발 외 등록일 26/03/23"
53621192,(주)프로토타이 웹/서버 개발자 모집,~ 05/14(목) 입사지원,서울 강남구 경력 3~5년 학력무관 정규직,"React, 웹개발, Java, 시스템관리, 솔루션업체 외 등록일 26/04/14"
53617596,WEB UI 엔지니어 신규채용,~ 04/26(일) 입사지원,경기 과천시 신입·경력 대졸↑ 정규직,"Java, CSS, S/W, AI(인공지능), Angular 외 등록일 26/04/14"
53604921,Web Front-End 개발자,~ 04/26(일) 홈페이지 지원,대전 유성구 경력3년↑ 대졸↑ 정규직,"프론트엔드, 항공, 우주 등록일 26/04/13"
53541786,Back End 개발자 채용 (Java/Spring Boot),채용시 입사지원,경기 화성시 경력 1~9년 대졸↑ 정규직,"프론트엔드, 웹개발, 백엔드/서버개발, Vue.js, 클라우드 외 등록일 26/04/06"
53610872,영림원소프트랩 기업문화혁신사업부 개발직 채용,~ 05/13(수) 입사지원,서울 강서구 경력8년↑ 대졸↑ 정규직,"프론트엔드, 백엔드/서버개발, ERP, S/W, SI·시스템통합 외 수정일 26/04/15"
53373016,차세대 제조시스템 구축 프로젝트 PM 및 개발자,~ 05/17(일) 입사지원,부산 동래구 경력무관 학력무관 정규직,"Python, 데이터분석가, 데이터엔지니어, 데이터라벨링, 데이터마이닝 외 등록일 26/03/18"
53622198,[미리캔버스] 프론트엔드 개발자 (프로덕트),~ 06/12(금) 홈페이지 지원,서울 구로구 경력3년↑ 학력무관 정규직,"프론트엔드, 소프트웨어개발 수정일 26/04/15"
53552424,(주)솔리드이엔지 - 클라우드 기술 및 시스템 엔지니어 모집,~ 05/07(목) 입사지원,대전 유성구 경력 학력무관 정규직·계약직,"Java, Python, 기술지원, 유지보수, 정보보안 외 수정일 26/04/17"
53547263,"'26년 4월 윈스테크넷 월간채용(경력) - 클라우드,보안,개발,QC",~ 04/19(일) 홈페이지 지원,경기 성남시 분당구 경력1년↑ 초대졸↑ 정규직,"보안컨설팅, 정보보안, IT컨설팅, 네트워크, 방화벽 외 수정일 26/04/08"
53589458,(주)베이직테크 부품 카탈로그 및 시뮬레이션 플랫폼 개발자 채용 공고,~ 04/30(목) 입사지원,서울 강서구 경력무관 학력무관 정규직,"프론트엔드, 웹개발, 백엔드/서버개발, 앱개발, 데이터시각화 외 수정일 26/04/10"
53255753,[대흥정보] 웹개발자(Full stack) 경력 채용,~ 05/05(화) 입사지원,서울 영등포구 경력 3~5년 학력무관 정규직,"웹개발, SI개발, SI·시스템통합, 소프트웨어개발 수정일 26/04/01"
53478860,(주)티모넷 프론트엔드개발팀 Android 개발자,~ 04/29(수) 입사지원,서울 마포구 신입·경력 초대졸↑ 정규직,"프론트엔드, 소프트웨어개발 수정일 26/03/31"
53558626,[상상스토리] 공공기관 시스템 개발/유지보수 경력개발자 채용,~ 05/07(목) 입사지원,서울 영등포구 경력3년↑ 초대졸↑ 정규직,"프론트엔드, Javascript, 웹개발, 백엔드/서버개발, Java 외 등록일 26/04/07"
53607148,[정규직] R&D FullStack 개발자 채용,~ 04/27(월) 입사지원,서울 영등포구 신입·경력 초대졸↑ 정규직,"백엔드/서버개발, Java, AWS, MySQL, SI·시스템통합 외 등록일 26/04/13"
53084705,(주)레인보우로보틱스 로봇 통합 SW 플랫폼,채용시 입사지원,대전 유성구 경력 3~10년 대졸↑ 정규직,"컴퓨터비전, 로봇엔지니어, 로봇설계, 기계 수정일 26/04/02"
53241971,[빅밸류] 데이터 직무 채용(신입/전문연구요원),상시채용 홈페이지 지원,서울 성동구 경력무관 학력무관 정규직,"데이터분석가, 데이터엔지니어, 데이터 사이언티스트, DataMining, 시스템관리 외 등록일 26/03/05"
53362693,MES 웹 개발자 채용 [경력],채용시 입사지원,서울 강남구 경력무관 학력무관 정규직,"Javascript, 웹개발, Java, Node.js, SI개발 외 등록일 26/03/17"
53513360,[대구] 풀스텍 PM/백엔드 ·프론트엔드 개발자(상시채용),~ 05/02(토) 입사지원,대구 동구 경력무관 대졸↑ 정규직,"웹개발, 백엔드/서버개발, 앱개발, SI개발, 검색엔진 외 등록일 26/04/02"
53588986,[재택/국내대기업] Figma-토큰-컴포넌트 풀플로우 가능한 FE,~ 04/30(목) 입사지원,서울 용산구 경력4년↑ 대졸↑ 기간제·계약직,"프론트엔드, SI·시스템통합, 소프트웨어개발, SM 수정일 26/04/10"
53638072,[Metanet 그룹] AI Project Manager (PM/PL),~ 05/17(일) 입사지원,서울 종로구 경력5년↑ 학력무관 정규직,"프론트엔드, 백엔드/서버개발, 데이터엔지니어, DBA, SI개발 외 수정일 26/04/16"
53638224,[Metanet 그룹] AI Technical Engineer (Full-stack),~ 05/17(일) 입사지원,서울 종로구 경력3년↑ 학력무관 정규직,"프론트엔드, 백엔드/서버개발, 데이터엔지니어, DBA, SI개발 외 수정일 26/04/16"
53618267,[아기유니콘] 웹 및 앱 개발자,~ 05/13(수) 입사지원,경기 하남시 경력 3~10년 고졸↑ 정규직,"React-Native, 웹개발, 앱개발, AWS, PostgreSQL 외 수정일 26/04/14"
53622123,"[아라소프트] DevOps 엔지니어, 풀스택개발자 채용(안양/서울)",채용시 입사지원,경기 안양시 동안구 경력 2~5년 학력무관 정규직,"프론트엔드, 백엔드/서버개발, 인프라, DevOps, 풀스택 외 등록일 26/04/14"
53257347,[전환형 인턴] 인공지능 엔지니어 채용,~ 05/05(화) 입사지원,서울 강남구 신입 대졸↑ 인턴직 230 만원,"백엔드/서버개발, Python, 딥러닝, 머신러닝, 모델링 외 등록일 26/03/06"
53339911,[네오바이오텍] 디지털사업센터 부문별 채용,~ 05/14(목) 입사지원,경기 의왕시 신입·경력 초대졸↑ 정규직·계약직,"Python, 데이터엔지니어, SI개발, 스크립트, 클라우드 외 수정일 26/03/15"
53479253,[신입/경력] Smart Factory / MES 솔루션 개발자 및 PM,~ 04/29(수) 입사지원,경기 용인시 수지구 신입·경력 초대졸↑ 정규직,"웹개발, Java, Vue.js, SpringBoot, JSP 외 수정일 26/04/09"
53621165,(주)밸로프 프론트엔드 개발자 경력직 채용,채용시 입사지원,서울 금천구 경력2년↑ 학력무관 정규직,"프론트엔드, 프론트개발, 게임 등록일 26/04/14"
53444691,[대전] 웹(JAVA)개발자를 모집합니다,~ 04/30(목) 입사지원,대전 유성구 경력무관 초대졸↑ 정규직,"Javascript, Java, SI·시스템통합, 솔루션업체 등록일 26/03/26"
53456859,[KSA솔루션] 신입 개발자 계약직 채용,~ 04/26(일) 입사지원,서울 금천구 신입 학력무관 계약직 216 만원,"웹개발, 백엔드/서버개발, 유지보수, 퍼블리셔, SI개발 외 수정일 26/04/01"
53509857,(주)에코비트 DI팀 채용(경력),~ 05/02(토) 입사지원,서울 송파구 경력 5~10년 대졸↑ 정규직,"웹개발, 백엔드/서버개발, 앱개발, 기술지원, 데이터분석가 외 수정일 26/04/02"
53528357,[한스파마] 헬스케어서비스IT 앱개발자 채용,채용시 입사지원,서울 송파구 경력 2~3년 대졸↑ 정규직,"React-Native, 백엔드/서버개발, Java, TypeScript, Git 외 수정일 26/04/06"
53543331,[파워이십일] 신입/경력직(에너지DX사업부 개발자) 채용공고,~ 05/06(수) 입사지원,대전 유성구 신입·경력 대졸↑ 정규직,"Javascript, Java, Python, S/W, C# 외 수정일 26/04/07"
53607196,(주)앰진 프론트엔드 신입·경력 채용공고,~ 04/20(월) 입사지원,서울 송파구 신입·경력 대졸↑ 정규직,"프론트엔드, 백엔드/서버개발, SQL, 보안 등록일 26/04/13"
53610963,AI 기반 개발자 플랫폼 엔지니어 ( AI-Native Platform Engineer,상시채용 홈페이지 지원,서울 마포구 경력 3~15년 학력무관 정규직,"백엔드/서버개발, TypeScript, Python, 클라우드, DevOps 외 등록일 26/04/13"
53613420,웹(Front-End) 개발자 모집,~ 06/12(금) 입사지원,서울 마포구 경력5년↑ 초대졸↑ 정규직,"프론트엔드, 웹개발, Vue.js, OLAP, 솔루션업체 외 수정일 26/04/15"
53620236,[NICE신용정보] IT 개발 및 운영 담당자 모집,~ 04/19(일) 입사지원,"서울 서대문구 경력 1~3년 학력무관 기간제·무기계약직 3,300 만원","웹개발, Java, jQuery, MySQL, OracleDB 외 수정일 26/04/14"
53637394,Web/App Front-end SW 개발자 채용,~ 06/14(일) 입사지원,서울 송파구 경력3년↑ 대졸↑ 정규직,"프론트엔드, 웹개발, 앱개발, 소프트웨어개발 수정일 26/04/15"
53172227,프론트엔드 개발과 UI/UX & 디자인 업무(인턴),~ 04/26(일) 입사지원,서울 강남구 경력무관 대졸↑ 정규직·계약직,"퍼블리셔, 웹디자인, UI/UX디자인, 일러스트, PhotoShop 외 등록일 26/02/25"
53421507,"(주)써로마인드 개발자(PL, BE, FE) 모집",~ 04/23(목) 입사지원,서울 관악구 경력무관 대졸↑ 정규직,"프론트엔드, 백엔드/서버개발, Java, Git, SpringBoot 외 등록일 26/03/24"
53573061,(주)브로제이 Web/App 개발팀 인턴 채용,~ 04/21(화) 입사지원,서울 금천구 신입 대졸↑ 인턴직 216 만원,"프론트엔드, 솔루션업체 등록일 26/04/08"
53611226,(주)써로마인드 개발자 채용 Backend Developer,~ 05/13(수) 입사지원,서울 관악구 경력5년↑ 대졸↑ 정규직,"프론트엔드, 백엔드/서버개발, Java, Git, SpringBoot 외 등록일 26/04/13"
50846410,엔씨소프트 전 부문 수시 채용,~ 05/21(목) 홈페이지 지원,경기 성남시 분당구 신입·경력 학력무관 정규직,"React, Javascript, 백엔드/서버개발, Java, Node.js 외 수정일 25/05/22"
53656705,사업부별 경력사원 채용,~ 05/01(금) 입사지원,서울 강남구 경력 학력무관 정규직,"React, 프론트엔드, Javascript, 웹개발, 백엔드/서버개발 외 수정일 26/04/17"
53624137,[공채 21기] 2026년 이지케어텍 신입 개발자 채용 (채용연계형 인턴),~ 04/30(목) 홈페이지 지원,서울 중구 신입 대졸↑ 인턴직,"ReactJS, React-Native, React, 프론트엔드, Javascript 외 수정일 26/04/15"
53570993,키움YES저축은행 디지털추진팀 IT개발 경력 채용,~ 04/26(일) 입사지원,서울 강남구 경력 대졸↑ 정규직,"ReactJS, React, 프론트엔드, 웹개발, 백엔드/서버개발 외 수정일 26/04/13"
53581931,"금융솔루션 개발자 채용(프론트엔드, 백엔드 경력)",~ 05/01(금) 입사지원,서울 강남구 경력 3~10년 대졸↑ 정규직,"React, 프론트엔드, 백엔드/서버개발, Node.js, Python 외 수정일 26/04/09"
53433885,[안랩] 2026 연구소 집중 채용,~ 04/25(토) 접수방법 확인,경기 성남시 분당구 신입·경력 대졸↑ 정규직,"ReactJS, React-Native, React, Javascript, 웹개발 외 수정일 26/03/27"
53625133,[KG에듀원] WEB 개발자 채용(통합 플랫폼 구축 및 유지 운영),~ 05/14(목) 입사지원,서울 동작구 경력4년↑ 초대졸↑ 정규직,"React, 프론트엔드, Javascript, 웹개발, 백엔드/서버개발 외 등록일 26/04/14"
53635290,KS오토플랜ㅣ웹/앱/퍼블리셔 개발자 채용,~ 05/14(목) 입사지원,인천 연수구 경력 학력무관 정규직,"React, 프론트엔드, Javascript, 웹개발, Java 외 수정일 26/04/15"
53605843,[핀테크 스타트업] 프론트 개발자(Frontend) 채용,~ 04/23(목) 입사지원,서울 서초구 경력2년↑ 대졸↑ 정규직,"ReactJS, React-Native, React, 프론트엔드, Javascript 외 수정일 26/04/13"
53230992,2026년 IT개발부문 경력 직원 채용,~ 05/03(일) 입사지원,서울 강남구 경력3년↑ 학력무관 정규직·계약직,"React, 프론트엔드, Javascript, 웹개발, 백엔드/서버개발 외 수정일 26/03/25"
53632447,[인턴] 데이터 엔지니어,~ 05/14(목) 입사지원,서울 서초구 신입 학력무관 인턴직,"React, TypeScript, Python, 데이터엔지니어, AWS 외 수정일 26/04/15"
53540909,(주)다이나시스템 웹개발 신입/경력 채용 공고,~ 06/05(금) 입사지원,"서울 영등포구 신입·경력 대졸↑ 정규직 4,000 만원","React-Native, React, 웹개발, Java, Node.js 외 수정일 26/04/17"
53621299,풀스택 개발자 (백엔드 중심),~ 05/14(목) 입사지원,서울 강남구 경력1년↑ 초대졸↑ 정규직,"React, 프론트엔드, 웹개발, 백엔드/서버개발, TypeScript 외 등록일 26/04/14"
53581731,Tech & IT 센터 프론트엔드 개발자 채용 공고,~ 05/09(토) 입사지원,서울 종로구 신입·경력 학력무관 정규직,"React, 프론트엔드, Javascript, Node.js, Git 외 등록일 26/04/09"
53644094,[정규직-여의도] 기획개발팀 웹개발자 경력자 모집,~ 05/16(토) 입사지원,서울 영등포구 경력2년↑ 학력무관 정규직,"ReactJS, React, 프론트엔드, Javascript, 웹개발 외 등록일 26/04/16"
53393440,열정 가득한 풀스택[Full-Stack] AI 개발자 모집,~ 05/19(화) 입사지원,서울 송파구 경력무관 초대졸↑ 정규직,"React, Javascript, 웹개발, 백엔드/서버개발, Java 외 등록일 26/03/20"
53520713,[신입 가능] 프론트엔드 개발자 채용 (채용시 마감),채용시 입사지원,경기 구리시 경력무관 학력무관 정규직,"React, Javascript, 웹개발, TypeScript, CSS 외 등록일 26/04/03"
53577895,[인턴] Frontend Developer,~ 04/30(목) 홈페이지 지원,서울 강남구 신입 학력무관 인턴직,"React, 프론트엔드, TypeScript, AWS, Docker 외 수정일 26/04/16"
53655887,[디무브] 2026 상반기 Front-end Developer 정규직 채용,~ 05/15(금) 입사지원,서울 서초구 경력무관 초대졸↑ 정규직,"React-Native, React, 프론트엔드, Javascript, CSS 외 수정일 26/04/17"
53657322,오앤디랩(UNIST)에서 풀스택 개발자 찾아요,상시채용 입사지원,부산 해운대구 신입 대졸↑ 계약직,"React, Javascript, 웹개발, 백엔드/서버개발, TypeScript 외 수정일 26/04/17"
52783795,2026년 각부문 신입 및 경력 채용,~ 07/10(금) 홈페이지 지원,서울 서초구 신입·경력 대졸↑ 정규직,"React, 프론트엔드, 백엔드/서버개발, Java, Git 외 수정일 26/04/10"
53565738,[인천공항] AACT 화물터미널 각 부문 신입/경력 정규직 모집,~ 05/07(목) 입사지원,인천 중구 신입·경력 학력무관 정규직,"React, Javascript, 백엔드/서버개발, Java, Git 외 수정일 26/04/08"
53514054,[ERP개발]더존비즈온 ERP 웹개발자 채용,~ 04/19(일) 홈페이지 지원,서울 중구 신입·경력 학력무관 정규직,"React, Javascript, 웹개발, 백엔드/서버개발, Java 외 등록일 26/04/02"
53595384,신입/경력 웹 개발자 채용,~ 04/24(금) 입사지원,서울 영등포구 경력무관 초대졸↑ 정규직,"React, 프론트엔드, 웹개발, 백엔드/서버개발, Java 외 등록일 26/04/10"
53536580,웹/앱 프런트 및 백엔드 프로그래머를 모십니다.,~ 04/19(일) 입사지원,서울 강남구 경력무관 대졸↑ 정규직·계약직,"React-Native, React, 프론트엔드, 웹개발, 백엔드/서버개발 외 수정일 26/04/17"
53218977,[LSP] 2026 상반기 신입/경력 채용,~ 05/01(금) 입사지원,서울 강남구 신입·경력 학력무관 정규직,"React, 프론트엔드, 웹개발, 백엔드/서버개발, Vue.js 외 수정일 26/03/03"
53479436,2026년 2분기 IT개발직(프론트엔드) 모집 (경력/신입),~ 04/29(수) 입사지원,서울 서초구 경력무관 대졸↑ 정규직,"React-Native, React, 프론트엔드, Javascript, 웹개발 외 등록일 26/03/30"
53580090,오픈마켓 플랫폼 Java 백엔드 경력 개발자 채용합니다(선정릉역),~ 06/08(월) 입사지원,서울 강남구 경력 2~15년 초대졸↑ 정규직,"React, 프론트엔드, 웹개발, 백엔드/서버개발, Java 외 등록일 26/04/09"
53642370,틱스패스 티켓/입장관리 솔루션 안드로이드 개발자 채용,~ 04/30(목) 입사지원,서울 영등포구 경력 4~15년 학력무관 정규직,"React-Native, React, 프론트엔드, 웹개발, Java 외 등록일 26/04/16"
53610841,스마트공장 - 메카트로닉스 개발자모집 (부산),~ 06/12(금) 입사지원,부산 북구 신입·경력 초대졸↑ 정규직·계약직,"ReactJS, React, 프론트엔드, Javascript, 백엔드/서버개발 외 등록일 26/04/13"
53614069,[푸른들소프트] 웹 개발자 채용,~ 04/26(일) 입사지원,대구 남구 경력무관 학력무관 정규직,"React, 웹개발, Java, SI개발, AI(인공지능) 외 등록일 26/04/13"
53642964,"백엔드 전문(스크래핑 API, API 서버개발,DB,AWS) 실력있는 개발",~ 06/15(월) 입사지원,부산 해운대구 경력 2~10년 초대졸↑ 정규직·계약직,"React, 백엔드/서버개발, Node.js, 데이터엔지니어, 데이터분석 외 등록일 26/04/16"
53626070,(주)도화엔지니어링 웹 프론트엔드(Front-End) 개발자,~ 04/26(일) 입사지원,서울 강남구 경력3년↑ 대졸↑ 정규직,"백엔드/서버개발, Node.js, API, 토목회사 등록일 26/04/14"
53235927,2026년 상반기 각 부문 채용,~ 04/29(수) 입사지원,대구 달서구 신입·경력 초대졸↑ 정규직·계약직,"React-Native, 백엔드/서버개발, 앱개발, API, H/W 외 수정일 26/04/17"
53571462,"뉴스 클리핑, 웹개발, IT 자사솔루션 영업 담당자 채용",~ 04/30(목) 입사지원,서울 중구 신입·경력 학력무관 정규직,"Javascript, CSS, Python, 웹마스터, DBA 외 수정일 26/04/15"
53632277,창신그룹 (주)서흥 경영정보팀 (BI Engineer) 경력직 채용,~ 05/15(금) 입사지원,부산 사하구 경력3년↑ 대졸↑ 정규직,"데이터엔지니어, 정보보안, IT컨설팅, 네트워크, 인프라 외 등록일 26/04/15"
53567881,DCS개발/운영지원본부 (신입/경력) 개발자 모집,~ 05/08(금) 입사지원,"서울 송파구 신입·경력 대졸↑ 정규직 4,000 만원","프론트엔드, Javascript, 웹개발, 백엔드/서버개발, Java 외 등록일 26/04/08"
53584223,[㈜아난티]IT 개발 및 운영 담당자 모집,~ 05/09(토) 입사지원,서울 강남구 신입·경력 학력무관 정규직,"프론트엔드, 웹개발, 백엔드/서버개발, Java, 앱개발 외 수정일 26/04/15"
53625191,[(주)더네이쳐홀딩스] 내셔널지오그래픽 전산 ERP 개발자 채용,~ 05/14(목) 입사지원,서울 용산구 경력 5~12년 초대졸↑ 정규직,"Javascript, 웹개발, Java, 유지보수, IT컨설팅 외 수정일 26/04/14"
53397346,[AI 전문기업 아크릴] 의료 AI·파운데이션 모델·HIS 인재 채용,~ 04/30(목) 입사지원,서울 강남구 경력무관 대졸↑ 정규직·계약직,"Python, 딥러닝, 머신러닝, AI(인공지능), Docker 외 수정일 26/04/17"
53625785,[공카] IT 스타트업 개발자 리드급 채용,~ 05/14(목) 입사지원,경기 성남시 수정구 경력무관 학력무관 정규직·계약직,"프론트엔드, Javascript, 웹개발, 백엔드/서버개발, Node.js 외 수정일 26/04/15"
53373444,공공기관 정보시스템 UI/UX 퍼블리셔 채용,~ 05/15(금) 입사지원,대구 동구 신입 대졸↑ 정규직,"프론트엔드, Javascript, 웹개발, Java, 앱개발 외 수정일 26/03/18"
53517098,웹 개발 경력직,채용시 입사지원,서울 구로구 경력 3~7년 대졸↑ 정규직,"프론트엔드, 웹개발, 백엔드/서버개발, Java, SpringBoot 외 등록일 26/04/02"
53539324,데일리페이 Front-End 개발자 채용,~ 05/06(수) 입사지원,서울 영등포구 신입·경력 대졸↑ 정규직,"프론트엔드, 솔루션업체, 소프트웨어개발 등록일 26/04/06"
53617848,"개발자 모집(PHP프레임워크개발,쇼핑몰경험우대,원격지근무가능)",~ 04/20(월) 입사지원,서울 강남구 신입·경력 학력무관 정규직,"웹개발, 백엔드/서버개발, PHP, 웹에이전시 등록일 26/04/14"
53638137,웹 개발자(JAVA) 신입 모집,~ 05/15(금) 입사지원,경기 안양시 만안구 경력무관 학력무관 정규직,"솔루션, 영상처리, 인터페이스, 개발PM, 상하수도 외 수정일 26/04/17"
53645099,디지털 헬스케어 개발팀 크로스플랫폼 프론트엔드 개발자 모집,~ 05/16(토) 입사지원,서울 강서구 경력3년↑ 초대졸↑ 정규직,"프론트엔드, 웹개발, 앱개발, 기술지원, 데이터시각화 외 수정일 26/04/16"
53622976,이커머스 테크 풀스택 개발자,~ 05/13(수) 입사지원,서울 강남구 경력 2~7년 초대졸↑ 정규직,"백엔드/서버개발, 광고대행사 수정일 26/04/14"
53633091,"(스타트업) 로워드 상반기 공개채용 (솔루션아키텍트,BE,FE)",~ 05/29(금) 홈페이지 지원,서울 강남구 경력무관 초대졸↑ 정규직,"백엔드/서버개발, 클라우드, DevOps, Docker, Kubernetes 외 수정일 26/04/16"
53612996,AI 플랫폼 시스템 엔지니어(신입),~ 05/12(화) 입사지원,서울 강남구 신입 대졸↑ 정규직,"SE(시스템엔지니어), 소프트웨어개발 수정일 26/04/13"
53619695,AI Agent Engineer,~ 05/13(수) 입사지원,서울 강남구 경력 2~15년 대졸↑ 정규직,"데이터엔지니어, AI(인공지능), 소프트웨어개발 수정일 26/04/14"
53380763,[KB금융그룹 계열] KB헬스케어 프론트엔드 개발자 채용,내일마감 입사지원,서울 강남구 경력3년↑ 학력무관 정규직,"프론트엔드, 소프트웨어개발 수정일 26/03/27"
53436617,(주) 스카이즈코리아 개발팀 채용공고 (부산),~ 04/24(금) 입사지원,부산 해운대구 경력무관 대졸↑ 정규직·기간제,"ReactJS, Javascript, 웹개발, 백엔드/서버개발, Node.js 외 수정일 26/03/27"
53214550,[시리즈A/문토] 풀스택 개발자 인턴 (정규직전환형/역삼역),~ 04/20(월) 입사지원,서울 강남구 경력무관 대졸↑ 인턴직,"ReactJS, 프론트엔드, 웹개발, 백엔드/서버개발, Node.js 외 수정일 26/04/13"
53473899,[티빙] Web Core Development Lead(팀장) 경력 채용,~ 04/26(일) 홈페이지 지원,서울 강남구 경력8년↑ 학력무관 정규직,"프론트엔드, 백엔드/서버개발, 배급유통사 수정일 26/04/07"
53471328,[시리즈A/문토] 풀스택 개발자 l 신입·경력 (역삼역),~ 04/20(월) 입사지원,서울 강남구 경력2년↑ 대졸↑ 정규직·계약직,"ReactJS, 프론트엔드, 웹개발, 백엔드/서버개발, Node.js 외 수정일 26/04/13"
53409330,[스포츠게임] (주)선시안 개발 직군 채용,~ 05/22(금) 홈페이지 지원,서울 금천구 경력무관 학력무관 정규직,"프론트엔드, 백엔드/서버개발, 게임개발, SE(시스템엔지니어), 클라이언트 외 등록일 26/03/23"
53422066,2026년 아뮤즈 상반기 채용 모집,~ 05/24(일) 입사지원,"부산 부산진구 경력무관 학력무관 계약직 3,000 만원","Javascript, 백엔드/서버개발, Node.js, Vue.js, HTML5 외 수정일 26/04/02"
53458539,[링커리어] 프론트엔드개발자,~ 05/26(화) 입사지원,서울 강남구 경력 1~3년 대졸↑ 정규직,"프론트엔드, 컨텐츠제공, 취업포털, 커뮤니티 수정일 26/03/27"
53516535,2026년 아뮤즈 상반기 유지보수 채용 모집,~ 05/02(토) 입사지원,"부산 부산진구 신입·경력 학력무관 정규직·계약직 3,000 만원","Javascript, 백엔드/서버개발, Node.js, Vue.js, HTML5 외 등록일 26/04/02"
53591325,주식회사 마젠타로보틱스 웹/백엔드개발자,~ 05/10(일) 입사지원,대전 유성구 경력무관 대졸↑ 계약직,"프론트엔드, 웹개발, 백엔드/서버개발, AI(인공지능), SI·시스템통합 외 등록일 26/04/10"
53623609,NestJS BackEnd 개발자 모집(신입/경력),~ 05/14(목) 입사지원,서울 마포구 신입·경력 초대졸↑ 정규직·계약직,"백엔드/서버개발, Node.js, Django, NestJs, 아이폰 외 수정일 26/04/14"
53604981,"[정규직] WEB (Front-end, Back-end)",~ 05/13(수) 입사지원,경기 용인시 수지구 경력 3~13년 대졸↑ 정규직,"Javascript, 웹개발, Java, 기술지원, 유지보수 외 수정일 26/04/17"
53638548,AI 플랫폼 개발자 모집,~ 04/30(목) 입사지원,서울 서초구 경력무관 대졸↑ 정규직,"Javascript, Node.js, Git, 정보보안, AWS 외 수정일 26/04/15"
53622915,[2026년 상반기] 웹/앱 시스템 개발자 신입 및 경력채용,채용시 입사지원,대전 유성구 신입·경력 대졸↑ 정규직,"Vue.js, SpringBoot, API, PL/SQL, 풀스택 외 수정일 26/04/14"
53648693,AI 프로덕트 엔지니어,~ 05/16(토) 입사지원,서울 영등포구 경력5년↑ 학력무관 정규직,"백엔드/서버개발, Python, AWS, GCP, SI·시스템통합 수정일 26/04/17"
53230239,[도면관리 소프트웨어 개발] 프론트엔드 개발자 채용,채용시 입사지원,서울 마포구 경력무관 학력무관 정규직,"프론트엔드, 백엔드/서버개발, 서비스기획, ERP, SCM 외 등록일 26/03/04"
53364957,(신입/경력) 웹개발 정규직 채용 공고,~ 05/16(토) 입사지원,대구 동구 신입·경력 초대졸↑ 정규직,"Javascript, 웹개발, 백엔드/서버개발, Java, SpringBoot 외 등록일 26/03/17"
53371602,스마트팩토리 솔루션 개발 및 운영 담당자,상시채용 입사지원,경기 수원시 영통구 경력무관 대졸↑ 정규직·계약직,"ReactJS, 프론트엔드, Javascript, 백엔드/서버개발, Java 외 수정일 26/03/18"
53496217,[Java/Spring] 백엔드 중심 풀스택 개발자 채용,~ 05/31(일) 입사지원,경기 성남시 중원구 신입·경력 고졸↑ 정규직,"백엔드/서버개발, 통신 수정일 26/04/01"
53512614,[프람트테크놀로지] 소프트웨어 개발분야 정규직 신입사원 채용,~ 05/02(토) 입사지원,"서울 강남구 신입 대졸↑ 정규직 4,200 만원","백엔드/서버개발, DBA, Linux, SI·시스템통합, 소프트웨어개발 등록일 26/04/02"
53510685,[경력] 마이즈 웹/앱 FrontEnd 개발팀 3년 이상 경력자/신입,~ 06/01(월) 입사지원,인천 연수구 경력3년↑ 학력무관 정규직,"프론트엔드, 웹개발, 백엔드/서버개발, 앱개발, 유지보수 외 수정일 26/04/14"
53538413,[이니노스] PL/TL 웹 풀스택 개발자 경력(5년이상)정규직 모집,~ 05/06(수) 입사지원,서울 영등포구 경력 5~20년 초대졸↑ 정규직,"프론트엔드, Javascript, 웹개발, 백엔드/서버개발, Java 외 수정일 26/04/06"
53621541,2026년 상반기 아이타이쿤 개발자 채용(정규직-과장급),~ 06/13(토) 입사지원,서울 영등포구 경력 7~12년 대졸↑ 정규직,"프론트엔드, 웹개발, 백엔드/서버개발, Java, Vue.js 외 등록일 26/04/14"
53625954,(주)닷코 풀스택 개발자 채용,채용시 입사지원,부산 금정구 경력무관 학력무관 정규직,"웹개발, 백엔드/서버개발, 앱개발, 기술지원, 데이터엔지니어 외 수정일 26/04/15"
53609600,[인프런] 프론트엔드 개발자,~ 05/13(수) 홈페이지 지원,경기 성남시 분당구 경력무관 학력무관 정규직,"프론트엔드, 소프트웨어개발 등록일 26/04/13"
53633681,(주)포지큐브에서 iOS 개발자를 채용해요,~ 06/14(일) 입사지원,서울 강남구 경력3년↑ 학력무관 정규직,"Android, iOS, 소프트웨어개발 등록일 26/04/15"
53637564,"(주)닷코 제조 AI 에이전트 인프라, 자체 모델 구축 파트너 모집",채용시 입사지원,부산 금정구 경력무관 학력무관 정규직·프리랜서,"AI(인공지능), 전자상거래, B2B 수정일 26/04/15"
53656408,풀스택 개발자 신입 채용,~ 05/17(일) 입사지원,충북 청주시 흥덕구 신입 대졸↑ 정규직,"웹개발, 반응형웹, 트러블슈팅, 펌웨어, AI(인공지능) 외 등록일 26/04/17"
53102080,[코드021] Spring/Kotlin 백엔드 개발자 모집,내일마감 입사지원,인천 연수구 경력무관 학력무관 정규직,"백엔드/서버개발, Java, Node.js, API, MySQL 외 수정일 26/04/08"
53625438,App 개발자 (React Native)_3년 이상,~ 05/13(수) 입사지원,서울 강남구 경력 3~5년 고졸↑ 정규직,"React-Native, TypeScript, 앱개발, 소프트웨어개발 수정일 26/04/14"
50331626,모바일 앱 개발자 (React Native),상시채용 입사지원,서울 강남구 경력 3~10년 대졸↑ 정규직,"React-Native, 프론트엔드, Android, iOS, 소프트웨어개발 수정일 26/04/17"
53402777,"프리랜서 채용합니다. (C#, Web, React, MSSQL, Oracle) (수원)",~ 04/30(목) 입사지원,경기 수원시 팔달구 경력4년↑ 학력무관 프리랜서,"Java, S/W, C#, SI·시스템통합, ERP 외 수정일 26/04/16"
53412561,[Python/React SI 판교] 통신사 플랫폼 개발 (7),~ 04/22(수) 입사지원,경기 성남시 수정구 경력7년↑ 초대졸↑ 프리랜서,"웹개발, 소프트웨어개발 등록일 26/03/23"
53660987,"[개발자 모집공고] NODE.JS , EXPRESS , REACT , MONGO.DB",~ 05/17(일) 입사지원,서울 강남구 경력 학력무관 정규직·프리랜서,"웹개발, 전자상거래 등록일 26/04/17"
53374140,프론트엔드 경력 개발자 채용 공고 (React/NextJS/JavaScript),~ 04/20(월) 입사지원,서울 서대문구 경력5년↑ 대졸↑ 정규직,"프론트엔드, Javascript, 풀스택, 소프트웨어개발 수정일 26/03/18"
53660210,프론트엔드팀장 채용공고(React/NextJS/JavaScript) 연봉6천이상,~ 04/24(금) 입사지원,"서울 서대문구 경력7년↑ 대졸↑ 정규직 6,000 만원","프론트엔드, Javascript, 풀스택, 솔루션업체, 소프트웨어개발 등록일 26/04/17"
51067805,"프론트엔드 개발자 (리더, React.js 5년 이상)",채용시 입사지원,서울 영등포구 경력5년↑ 학력무관 정규직,"프론트엔드, 웹개발, TypeScript, 앱개발, 소프트웨어개발 수정일 26/03/24"
53599669,ㅣFnBㅣReact JS 프론트엔드 개발 (대리-과장급),~ 04/26(일) 입사지원,서울 강남구 경력9년↑ 초대졸↑ 정규직,"ReactJS, 프론트엔드, 헤드헌팅 등록일 26/04/11"
53636447,[글로벌 게임 플랫폼] Frontend Engineer (React),채용시 입사지원,서울 강남구 경력7년↑ 학력무관 정규직,"프론트엔드, 보안컨설팅, 보안관제, 게임개발 등록일 26/04/15"
53623151,[정규/프리렌서-중급or고급]React.js/Next.js 풀스택개발자,~ 06/13(토) 입사지원,경기 화성시 동탄구 경력 5~10년 초대졸↑ 정규직·프리랜서,"웹개발, 백엔드/서버개발, SI개발, 솔루션, API 외 수정일 26/04/16"
53473122,시우컴퍼니에서 React 퍼브리셔로 함께 만들어가요,~ 04/29(수) 입사지원,경기 성남시 분당구 경력 5~12년 학력무관 기간제·계약직,"퍼블리셔, SI·시스템통합, ERP, 소프트웨어개발 등록일 26/03/30"
53422441,React Native 개발자 (3년 이상),채용시 홈페이지 지원,서울 구로구 경력3년↑ 대졸↑ 정규직,"React-Native, 소프트웨어개발 수정일 26/04/08"
53594620,[E-7/F-2 비자 지원] 프론트엔드 개발자 (React / TypeScript),~ 05/09(토) 입사지원,경기 성남시 수정구 경력 초대졸↑ 정규직,"웹개발, 서치펌, 헤드헌팅 등록일 26/04/10"
53436874,SW 개발자 경력자 채용(React/Vue · Spring Boot · AWS),~ 04/24(금) 입사지원,경기 성남시 수정구 경력3년↑ 대졸↑ 정규직,"웹개발, 백엔드/서버개발, 의약·제약, 의료·보건, 바이오 등록일 26/03/25"
53374960,리액트·Flutter·Spring Boot 풀스택 개발자,채용시 입사지원,대전 유성구 경력무관 초대졸↑ 정규직,"React, 웹개발, Java, 앱개발, Flutter 외 수정일 26/04/15"
53369562,리액트 가능 퍼블리셔 채용 공고,오늘마감 입사지원,서울 중구 경력 6~15년 초대졸↑ 계약직·프리랜서,"Javascript, 퍼블리셔, 웹표준·웹접근성, HTML, 웹에이전시 등록일 26/03/18"
53473603,리액트 / 웹 게임 프론트 개발자 공고,~ 04/29(수) 입사지원,서울 강남구 경력 7~15년 학력무관 정규직,"프론트엔드, 웹개발, 백엔드/서버개발, 앱개발, SI·시스템통합 등록일 26/03/30"
53621402,"반도체기업 프로젝트 / 자바, 리액트/ 이천 / 개발자",~ 04/20(월) 입사지원,경기 이천시 경력무관 학력무관 정규직·계약직,"웹개발, 백엔드/서버개발, SI·시스템통합, 솔루션업체, 소프트웨어개발 외 등록일 26/04/14"
53405180,리액트 프론트/ 자바 백엔드 개발자 공고,~ 04/21(화) 입사지원,서울 강남구 경력 7~15년 학력무관 정규직,"프론트엔드, 웹개발, 백엔드/서버개발, 앱개발, SI·시스템통합 등록일 26/03/22"
53426865,"c#,리액트 AI개발자 경력자모집(정보통신기술사 자격증 필수)",채용시 입사지원,서울 금천구 경력3년↑ 대졸↑ 정규직,"웹개발, 앱개발, 데이터라벨링, 데이터시각화, 머신러닝 외 수정일 26/04/07"
53619455,2026년 상반기 부문별 수시채용,~ 04/26(일) 홈페이지 지원,서울 강남구 신입·경력 고졸↑ 정규직·계약직,"React, 프론트엔드, Javascript, 백엔드/서버개발, Java 외 수정일 26/04/14"
53497625,2026년 2분기 분야별 공개채용,~ 04/30(목) 입사지원,전국 신입·경력 초대졸↑ 정규직·계약직,"React-Native, React, 프론트엔드, Javascript, 백엔드/서버개발 외 수정일 26/04/14"
53634057,[본사] 부서별 채용,~ 04/30(목) 입사지원,대구 달서구 경력 학력무관 정규직·계약직,"React-Native, React, 웹개발, 앱개발, 웹마스터 외 수정일 26/04/15"
53620571,2026년 상반기 각 부문별 신입 및 경력 채용,~ 06/15(월) 입사지원,서울 송파구 신입·경력 고졸↑ 정규직,"React-Native, React, 프론트엔드, Javascript, 웹개발 외 수정일 26/04/14"
53478850,㈜우진플라임 부문별 인재채용,~ 04/30(목) 입사지원,충북 보은군 신입·경력 학력무관 정규직,"React, 웹개발, 백엔드/서버개발, TypeScript, CSS 외 수정일 26/04/01"
53489648,2026년 해커스 교육그룹 [신입/경력] 각 부문별 채용공고,상시채용 입사지원,서울 서초구 신입·경력 학력무관 정규직·계약직,"ReactJS, React-Native, React, 프론트엔드, Javascript 외 수정일 26/04/13"
53582462,도쿄일렉트론코리아 2026년 상반기 채용 공고(신입/경력),~ 04/26(일) 홈페이지 지원,경기 화성시 신입·경력 대졸↑ 정규직·인턴직,"웹개발, Java, SpringBoot, Python, 데이터분석가 외 수정일 26/04/13"
53634521,[현대자동차그룹] 트라닉스(주) 일반직 사원 모집,~ 04/30(목) 홈페이지 지원,충남 서산시 경력무관 대졸↑ 정규직,"IT컨설팅, 산업간호사, 보건의료정보관리사, IT컨설팅, 회계 외 등록일 26/04/15"
53435673,[에이텍/판교] 4월 각 부문 신입/경력사원 모집,~ 04/27(월) 입사지원,경기 성남시 분당구 신입·경력 학력무관 정규직,"Javascript, Java, Node.js, CSS, 앱개발 외 수정일 26/04/17"
53385948,'26년 상반기 각 부문 정규직 채용,~ 05/18(월) 입사지원,경기 용인시 처인구 신입·경력 고졸↑ 정규직·계약직,"React, 프론트엔드, Javascript, 백엔드/서버개발, Java 외 수정일 26/04/17"
53525370,도미노피자 각 부문(자회사 포함) 공개 채용,~ 05/06(수) 입사지원,서울 강남구 신입·경력 학력무관 정규직,"ReactJS, React, 프론트엔드, Javascript, 웹개발 외 수정일 26/04/15"
53620406,"2026년 상반기 각 부분 신입/경력사원 채용(영업, 전략기획, 채널관리, 연구개발자, 기술엔지니어, QA인증)",~ 04/30(목) 입사지원,서울 강동구 신입·경력 초대졸↑ 정규직,"ReactJS, React-Native, React, 프론트엔드, Javascript 외 수정일 26/04/14"
53488584,iShopCARE 핵심 직군 채용｜마케터·영업·CX·운영·AS·물류·개발 外,~ 05/02(토) 홈페이지 지원,서울 강남구 신입·경력 학력무관 정규직·계약직,"ReactJS, React-Native, React, 프론트엔드, Javascript 외 수정일 26/04/07"
53584260,2026년 전직군 신입/경력 채용,~ 06/11(목) 홈페이지 지원,경기 수원시 권선구 경력무관 초대졸↑ 정규직·계약직,"ReactJS, React-Native, React, 프론트엔드, 웹개발 외 수정일 26/04/13"
53362449,[SGA그룹] 상반기 직군별 경력/신입 정기 채용,~ 04/20(월) 홈페이지 지원,경기 의왕시 신입·경력 학력무관 정규직·계약직,"React, 프론트엔드, 웹개발, 백엔드/서버개발, Java 외 수정일 26/03/22"
53171011,[코스닥 상장사] 2026년 이에이트 부문별 채용,~ 05/31(일) 입사지원,서울 송파구 신입·경력 학력무관 계약직,"React, 프론트엔드, Javascript, 백엔드/서버개발, Java 외 수정일 26/04/14"
53593266,2026년 상반기 상시채용 모집,~ 04/24(금) 입사지원,서울 강서구 신입·경력 학력무관 정규직·계약직,"React, 프론트엔드, Javascript, 백엔드/서버개발, Node.js 외 수정일 26/04/15"
53592486,[사세 확장] 세미티에스 각 부서별 정규직 채용,~ 04/30(목) 입사지원,경기 용인시 기흥구 신입·경력 학력무관 정규직,"React-Native, React, 프론트엔드, Javascript, 웹개발 외 수정일 26/04/10"
50846359,[NARA SPACE] 각 부문별 직원모집,~ 04/30(목) 홈페이지 지원,서울 영등포구 신입·경력 초대졸↑ 정규직,"ReactJS, React, 프론트엔드, Javascript, 웹개발 외 수정일 26/03/27"
